policy,seed,fleet,chargers,sites,battery_kwh,sample_frac,requests,service_rate,lost_rate,wait_mean_min,wait_p50_min,wait_p95_min,trips_per_vehicle_day,util_with_rider,share_charging_or_queued,share_idle,empty_km_share,charge_km_per_vehicle_day,sessions_per_vehicle_day,queue_wait_mean_min,queue_wait_p95_min,grid_mwh_per_day,energy_cost_usd_per_day,avg_price_usd_mwh,peak_charging_mw,depletions,energy_residual_kwh,runtime_s,events,label
threshold_80,0,550,36,6,40.0,0.2,132949,0.9734108567947107,0.026589143205289247,6.411076427176642,6.267180853431637,9.705276482241121,33.61402597402598,0.3067287723223419,0.024345913143000334,0.5132576225618499,0.31637025667099367,2.3423462869372247,1.0532467532467533,5.906309229834304,33.66583678848728,15.52540582766701,792.551343926193,51.04867162401828,3.1855957010793423,0,-1.100361259886995e-07,9.511967625003308,513350,E0_validation
threshold_80,1,550,36,6,40.0,0.2,133220,0.9739603663113646,0.02603963368863534,6.299755915708126,6.10222054112916,9.668722216928533,33.70155844155844,0.3070547835551438,0.02762107230693373,0.5093056985866817,0.3172529626846851,2.307909608016824,1.065974025974026,10.020261275723145,51.84943128698175,15.72409074100984,804.6846345058292,51.175272882847175,3.1777858791877254,0,-1.0924122761934996e-07,9.581017415999668,508428,E0_validation
threshold_80,2,550,36,6,40.0,0.2,132937,0.9745669001105787,0.025433099889421305,6.287620909859633,6.061443247183828,9.660657036877335,33.65090909090909,0.3076327445775538,0.03341334175356708,0.5039728868987425,0.31488471541066826,2.2849449809409634,1.057922077922078,18.156517563805696,88.28880509852947,15.626145107740573,798.1323556440701,51.076727506434516,3.1788634503194353,0,-1.0812618711497635e-07,9.451025124988519,508181,E0_validation
threshold_80,0,550,36,6,40.0,0.2,149106,0.933510388582619,0.06648961141738093,6.764102015500208,6.880201703722317,9.810455257915017,36.153766233766234,0.3480481974320202,0.0256824955891442,0.4626250726146767,0.31423705334581087,2.2238391765829375,1.0187012987012987,9.119329601968763,49.85094676632369,14.979363348627688,562.5902066374334,37.55768476561951,3.121945794290015,0,-7.922608347143978e-08,10.19125770800747,573059,E1_main
threshold_80,1,550,36,6,40.0,0.2,149094,0.9303660777764363,0.06963392222356365,6.8877273587174335,7.127875310387269,9.824241314344738,36.02909090909091,0.34678945496485536,0.02249966373454023,0.46740483101728647,0.3148682694968953,2.3367774488584243,1.0376623376623377,3.9242404961234905,23.792742105313895,15.242963053006678,541.8031665454126,35.54447810844374,3.2333902775500594,0,-7.905327947810292e-08,10.31470541699673,576536,E1_main
threshold_80,2,550,36,6,40.0,0.2,148774,0.933294796133733,0.06670520386626695,6.862900601958118,7.091133448725062,9.817645691232174,36.064935064935064,0.3479044331923443,0.022399731303877422,0.4659119953667815,0.3141716880344467,2.2985515398670944,1.0311688311688312,3.95474418990074,23.90343364664078,15.167328810901788,531.6121856788518,35.04982270159174,3.1669165161021353,0,-7.92824721429497e-08,10.357951207988663,575270,E1_main
threshold_80,3,550,36,6,40.0,0.2,148559,0.9283853553133772,0.07161464468662282,6.896080826144891,7.1271556100303615,9.820897138110256,35.823376623376625,0.34482466142397006,0.023016680458863303,0.4695816943361268,0.31483916591288347,2.3257450293219213,1.0254545454545454,5.004482401818944,28.429833397991796,15.07726602088358,539.2648239605827,35.766751293878144,3.1929250722815463,0,-8.318420441355556e-08,10.226465625019046,574673,E1_main
threshold_80,4,550,36,6,40.0,0.2,148727,0.9352437687844171,0.06475623121558291,6.816996810247025,6.972602785449514,9.814395734137847,36.12883116883117,0.3484672399384783,0.024291745557172256,0.46360899914047105,0.31411639350968895,2.3024999812461187,1.0301298701298702,6.706541524450196,36.27170589203403,15.151016230877275,551.4592509182112,36.397509085519644,3.119898518800872,0,-8.051028999034315e-08,10.197850625001593,573815,E1_main
threshold_80,5,550,36,6,40.0,0.2,148738,0.9207196546948325,0.07928034530516748,6.890057944967941,7.125191334241633,9.82995709810663,35.57038961038961,0.3424493957735723,0.02306191747482569,0.4742467186576139,0.312895021655792,2.335035147427707,1.0316883116883118,4.946318376601921,29.486052585742186,15.162803044094826,551.8601033716966,36.395652028641194,3.19015045281238,0,-8.290771802421659e-08,10.155777790991124,573350,E1_main
threshold_80,6,550,36,6,40.0,0.2,148974,0.9240471491669687,0.07595285083303127,6.914280518707429,7.186057480592475,9.835798520963243,35.755584415584416,0.34389543989613014,0.023065891524617865,0.4713790902476104,0.3141238546039045,2.407466546211999,1.0288311688311689,4.891175174359557,30.124545866178718,15.132443109816181,534.1970566154356,35.30144159398228,3.0278883533774117,0,-8.078495739027858e-08,10.225544125016313,576144,E1_main
threshold_80,7,550,36,6,40.0,0.2,149241,0.9285987094699177,0.07140129053008222,6.886973840814558,7.160298726682473,9.82519159727497,35.9961038961039,0.34734252683605066,0.022797635128957643,0.4673621208474564,0.31397394340312146,2.344332831325206,1.0322077922077921,4.374127096493832,26.921146724905057,15.181360539263165,517.4758130135477,34.08626069285511,3.125103806211887,0,-7.788730727043003e-08,10.201069834001828,578294,E1_main
threshold_80,8,550,36,6,40.0,0.2,148645,0.9244374180093511,0.07556258199064886,6.92954636002282,7.218433015391686,9.82893511217689,35.69168831168831,0.34373095944489496,0.02227162680774051,0.47252631873616685,0.3134526982984691,2.389563101734225,1.0207792207792208,3.994719444462805,26.236220128456072,15.010861869529387,523.859191637127,34.898675118749246,3.081613147490941,0,-8.413553587161005e-08,10.349878458015155,575306,E1_main
threshold_80,9,550,36,6,40.0,0.2,149595,0.9158461178515325,0.08415388214846753,7.049482223235912,7.451022380028735,9.844230992507073,35.585974025974025,0.3433009598908608,0.021453645159338966,0.4746577760352515,0.31328858703427764,2.398595434307819,1.024935064935065,2.677171967640502,17.680318544386076,15.064675546852095,529.9147620118989,35.17598240757529,2.953125681566601,0,-8.405550033785403e-08,10.638012415991398,581191,E1_main
threshold_100,0,550,36,6,40.0,0.2,132949,0.9532301860111773,0.04676981398882278,6.592022217222433,6.588806777821931,9.766392038590372,32.917142857142856,0.2994722992208335,0.04620160680110488,0.5028393351267628,0.3133591176735614,1.7751362168479101,0.7574025974025974,38.81528175583358,185.63559060936726,14.774512661810174,707.5535356256454,47.89014377811335,2.1805383977249773,0,-1.1003066902048886e-07,9.576053333992604,514473,E0_validation
threshold_100,1,550,36,6,40.0,0.2,133220,0.9557724065455637,0.04422759345443627,6.524425884026104,6.46249456369939,9.74659175751304,33.07220779220779,0.3000924270170183,0.04493055837214321,0.5028324311783681,0.31426869582349054,1.7568695748257601,0.7724675324675324,34.111165825382734,141.74429962002537,15.06150888186552,725.9886387482823,48.20158753299898,2.3322621086922384,0,-1.1048905435018241e-07,9.63238320898381,512577,E0_validation
threshold_100,2,550,36,6,40.0,0.2,132937,0.9474864033339101,0.05251359666608995,6.509949717520861,6.4216731884866025,9.754948638987237,32.71584415584415,0.2977195423732803,0.05397967169471131,0.4983053044174369,0.3121441196913556,1.6870815783764816,0.757922077922078,53.71069919030597,210.13508562893418,14.772896063331727,711.222305258755,48.14372904335951,2.2557232687707245,0,-1.1207885108888149e-07,9.485139124997659,509840,E0_validation
threshold_100,0,550,36,6,40.0,0.2,149106,0.9220152106555068,0.07798478934449318,6.894481675451878,7.145020527712283,9.82451528404917,35.70857142857143,0.3435480221602628,0.040524291210765825,0.45490271758351153,0.31073941282984646,1.6461696970625694,0.7433766233766235,40.08839274727657,222.2288458266285,14.444671887186644,487.2461532131256,33.731894848047354,2.0571396608943306,0,-8.010101737454534e-08,10.238187125010882,573115,E1_main
threshold_100,1,550,36,6,40.0,0.2,149094,0.9157779655787623,0.08422203442123762,7.029571370365481,7.412084243113835,9.84097299596023,35.46415584415585,0.3409779069676887,0.035330872766774726,0.46341921118786433,0.3119013652075952,1.720804368738722,0.7387012987012987,27.74147643667172,186.93500855501944,14.306562147142898,483.9499840395526,33.82713324571831,2.1622537507738837,0,-8.12578946352005e-08,10.477014000003692,576954,E1_main
threshold_100,2,550,36,6,40.0,0.2,148774,0.9238509416968018,0.07614905830319814,6.925903551765739,7.209989413017563,9.827451851654137,35.7,0.34435770819997724,0.0353525587728397,0.45874436704046956,0.31089434004682864,1.6597804992500174,0.7335064935064936,25.89740232297768,129.7702538491392,14.230805872547682,484.2045717024226,34.0250985108644,2.162737821524607,0,-7.822927727829665e-08,10.313497958006337,573673,E1_main
threshold_100,3,550,36,6,40.0,0.2,148559,0.9140812741065839,0.08591872589341608,7.01544420131169,7.36923923818055,9.835022668743525,35.27142857142857,0.33963212426347467,0.03609928211163738,0.4655748704773025,0.3104226181277924,1.6957949603744358,0.7418181818181818,28.96850758535043,159.5769282053419,14.375105431592292,491.221433396351,34.171675173720075,2.2144522174022034,0,-8.471033652313054e-08,10.465462583000772,573665,E1_main
threshold_100,4,550,36,6,40.0,0.2,148727,0.9196379944462001,0.08036200555379991,6.964054399080574,7.275327178560838,9.83226166258595,35.52597402597403,0.34226460341015114,0.03666566084114349,0.460805270688139,0.3110703672257194,1.6797957725317987,0.7353246753246754,30.466594829152356,184.70153122057891,14.274199422503134,487.3485770271989,34.141920159732294,2.2167033851263693,0,-8.214010449592024e-08,10.437909542000853,572842,E1_main
threshold_100,5,550,36,6,40.0,0.2,148738,0.9132837607067461,0.08671623929325391,6.929671183611054,7.215948109954601,9.83454895453256,35.28311688311688,0.33910035733618193,0.03935390859893938,0.46322765195980997,0.30939441257445377,1.6090251611605384,0.731948051948052,36.43668139971531,188.0835859995031,14.17406531973971,481.67136109819904,33.98258370006188,2.1687558635311572,0,-8.280767360702157e-08,10.439781749999383,569779,E1_main
threshold_100,6,550,36,6,40.0,0.2,148974,0.9088834293232376,0.09111657067676239,7.064655441147407,7.468812977081688,9.846854224473864,35.16883116883117,0.3379543375536998,0.03280016666864893,0.47106121316295413,0.3105892885851435,1.7635618865769107,0.7358441558441559,19.265374711917058,166.57291515564066,14.222129249434877,477.1148805993297,33.547359346230664,2.211131314085215,0,-8.263668860308826e-08,10.705141500016907,574629,E1_main
threshold_100,7,550,36,6,40.0,0.2,149241,0.9168794098136571,0.0831205901863429,7.0365208617714154,7.426734731977194,9.841597789263325,35.54181818181818,0.34290381232651435,0.03131386916888297,0.4658074004792055,0.31113381998678463,1.7878762305457123,0.7454545454545454,13.915951278049683,60.40988918965433,14.392066169664748,491.04460845832426,34.119118316266245,2.266887426401563,0,-7.994640327524394e-08,10.317198499978986,577099,E1_main
threshold_100,8,550,36,6,40.0,0.2,148645,0.9203605906690437,0.0796394093309563,7.005253371837602,7.360934013747222,9.836661515356488,35.534285714285716,0.3424706078509298,0.03443433152591756,0.4628418248845913,0.31063015417940665,1.7846787483199678,0.7374025974025974,20.50915233088221,110.49801687873239,14.285701396153613,484.8411907157202,33.93891397213877,2.245407259336452,0,-8.02028807811439e-08,10.51868187499349,575170,E1_main
threshold_100,9,550,36,6,40.0,0.2,149595,0.9020756041311541,0.09792439586884588,7.092046523252814,7.51967810595282,9.849937097086634,35.05090909090909,0.33784716061228304,0.03282039187510744,0.4725077812279405,0.3088320333638945,1.7250913846347908,0.7327272727272727,22.232296636675837,156.88436321465028,14.191730606839545,479.23970929705683,33.768940700304206,2.1573425436129505,0,-8.759525371715426e-08,10.79413024999667,575639,E1_main
queue_aware,0,550,36,6,40.0,0.2,132949,0.9730197293699088,0.026980270630091237,6.439588450604153,6.322971950364687,9.705138224510932,33.60051948051948,0.3066623372652595,0.023286959069914608,0.5142590928423347,0.3171467841053222,2.504150182624991,1.0522077922077921,3.8857803940859563,23.85432245463744,15.52238584923086,791.4346189283359,50.98666059557795,3.1519140073330445,0,-1.109801814891398e-07,10.115430667006876,514596,E0_validation
queue_aware,1,550,36,6,40.0,0.2,133220,0.9725416604113496,0.027458339588650352,6.316706231156729,6.123174088360974,9.666063552360768,33.65246753246753,0.3064993653818723,0.026884480092621094,0.5108345911270976,0.31846606420246476,2.5953353280177773,1.0651948051948052,8.121937992156257,45.62766409412143,15.72618723538584,803.9844752544458,51.12392871969517,3.18560013871132,0,-1.0979783837683499e-07,10.109689333010465,509028,E0_validation
queue_aware,2,550,36,6,40.0,0.2,132937,0.9750031970030917,0.02499680299690831,6.26972510424818,6.033433826718344,9.646788152475008,33.66597402597402,0.30790418889878807,0.031839662743237664,0.5053406902208922,0.3154216792843586,2.548990664582638,1.0597402597402596,15.15636142753627,73.89472851180903,15.668825623295927,803.532691125989,51.282253721129,3.1413071618704183,0,-1.0761323210317641e-07,9.929067165998276,507532,E0_validation
queue_aware,0,550,36,6,40.0,0.2,149106,0.9329537376094859,0.06704626239051413,6.782501078158616,6.9200863042710505,9.809431937648721,36.132207792207794,0.3478952621815765,0.02389982043683798,0.46448484409888874,0.3152008212710512,2.450803663744135,1.0187012987012987,5.772242731192316,33.05050340468811,14.989368791819894,556.2985109113436,37.11287103796731,3.1762516261967857,0,-7.88022589404136e-08,10.892707749997498,573797,E1_main
queue_aware,1,550,36,6,40.0,0.2,149094,0.9304063208445679,0.06959367915543214,6.8534549766738975,7.065941317829614,9.819346022200358,36.03064935064935,0.3466766006160843,0.021896576923529625,0.46815943098496254,0.3152833756484607,2.4818102299139824,1.0361038961038962,2.5017420852346777,14.351009451056012,15.2381421119986,543.1281124188224,35.64267273706289,3.1228297376034195,0,-8.023380360100418e-08,10.648067875008564,575657,E1_main
queue_aware,2,550,36,6,40.0,0.2,148774,0.9334561146436877,0.06654388535631225,6.846427747672074,7.065499276730407,9.815130116324728,36.07116883116883,0.3479892464243249,0.021237570595621896,0.4669113779132499,0.314869489310639,2.45667546712703,1.0301298701298702,1.7698516510573432,10.660768172980655,15.150544623675918,529.2721945217519,34.934202543098856,3.141887535383952,0,-7.900234777480364e-08,10.424631917005172,575325,E1_main
queue_aware,3,550,36,6,40.0,0.2,148559,0.9276045207627945,0.07239547923720542,6.876728004679877,7.090385307411392,9.820249501329574,35.793246753246756,0.34467061194735155,0.02185957394216791,0.4715698365799471,0.31471591995198656,2.5123700666981326,1.0244155844155844,2.8514982848497996,18.329920728269396,15.075515241432385,539.1167064503044,35.76107999072812,3.139534790694309,0,-8.352435543201864e-08,10.699821291986154,573820,E1_main
queue_aware,4,550,36,6,40.0,0.2,148727,0.9328097789910372,0.06719022100896273,6.828146257279544,6.995263496034022,9.817427653555546,36.034805194805195,0.3475706973189086,0.022273182192912456,0.4670690803271121,0.314567710114366,2.4622226131939122,1.0332467532467533,3.23831852069694,21.024952088104758,15.201051466320513,542.0476998627777,35.65856618956524,3.1684000225759883,0,-8.021379471756518e-08,10.820075749972602,574109,E1_main
queue_aware,5,550,36,6,40.0,0.2,148738,0.9270663851873765,0.07293361481262355,6.837993930001467,7.045679483645653,9.822389853111234,35.81558441558442,0.3449924603478838,0.021788969732101867,0.47155564613232365,0.3138878857371326,2.512494026501472,1.0355844155844156,2.43333759727772,14.645824189398834,15.228337429129777,550.7406217663644,36.16551211380903,3.262931471717071,0,-7.970811566337943e-08,10.616572333005024,573279,E1_main
queue_aware,6,550,36,6,40.0,0.2,148974,0.9277390685622995,0.07226093143770054,6.915294784117186,7.206493534096808,9.827546979590553,35.898441558441554,0.34545349474139964,0.020339186485263294,0.4713211209006393,0.3150178284147546,2.4527389101171564,1.0246753246753246,0.8743520672824522,6.744998272660877,15.057686667531737,521.9400098188725,34.6626956280283,3.025504022562521,0,-8.063216228038073e-08,10.801415624999208,577829,E1_main
queue_aware,7,550,36,6,40.0,0.2,149241,0.9248597905401331,0.07514020945986692,6.915556535982428,7.204367506608833,9.831143700173513,35.851168831168835,0.34597919736674276,0.020837911369104706,0.47172701784831583,0.31379376961969824,2.437103803305255,1.0270129870129872,1.4439941739858082,10.415239981470608,15.104090207178674,508.54881698561167,33.669609358126614,3.05167401231258,0,-7.994458428584039e-08,10.936551833990961,577789,E1_main
queue_aware,8,550,36,6,40.0,0.2,148645,0.9322614282350566,0.06773857176494331,6.869290689960027,7.097856656376583,9.819181496089247,35.99376623376624,0.3471386071529499,0.020527201754599513,0.46949630137885506,0.3135317453357869,2.4468333061979997,1.0314285714285714,0.9508795883899381,7.071438058155763,15.156365378862162,527.1208183555849,34.77884078268095,3.09886007848111,0,-7.946437108330429e-08,10.717092083999887,575005,E1_main
queue_aware,9,550,36,6,40.0,0.2,149595,0.9198302082288846,0.08016979177111534,7.028185119478381,7.415977632390665,9.84376906365811,35.740779220779224,0.3447958037738963,0.020308675794495048,0.47368646634326583,0.31330846412535646,2.4855748045688,1.0283116883116883,0.740949073157089,5.523315834909348,15.113155760751011,527.4846114736389,34.902347320704564,3.0789578644002487,0,-8.253300620708615e-08,11.240798500017263,581245,E1_main
orchestrated,0,550,36,6,40.0,0.2,132949,0.9799998495663751,0.020000150433624925,6.018771451267014,5.662415896924601,9.556091582647229,33.84155844155844,0.3095229874663172,0.03671466990399747,0.49556340794999376,0.33154876863105265,5.753092766403312,1.5631168831168831,10.55221293383555,67.30923887550672,15.90130615795504,628.9944103781253,39.55614740890041,3.830648618187176,0,-9.498398867435753e-08,10.312579333025496,510922,E0_validation
orchestrated,1,550,36,6,40.0,0.2,133220,0.9818570785167392,0.01814292148326077,5.949968306029104,5.552877519578518,9.515884695049607,33.97480519480519,0.3102241245885626,0.03664418586742016,0.4947161777703914,0.33162704910096563,5.836975722998701,1.5625974025974025,10.620469219061725,63.22125204680706,15.838183908286563,617.1113110791812,38.963514671420604,3.856201089326731,0,-9.395080269314349e-08,10.369515500002308,509422,E0_validation
orchestrated,2,550,36,6,40.0,0.2,132937,0.9804117739982097,0.01958822600179032,5.938657811637388,5.540309540424884,9.519446700139282,33.85272727272727,0.3102753670408632,0.0360571266739228,0.49571640091025826,0.33042586406620755,5.798910160272776,1.5644155844155845,9.907637932594874,54.902423357779774,15.934595951789989,618.4001661860146,38.80865056490796,3.816031739779415,0,-9.343239071313292e-08,10.239230792009039,508003,E0_validation
orchestrated,0,550,36,6,40.0,0.2,149106,0.9602564618459352,0.039743538154064895,6.4438892732631645,6.294555498206076,9.74272345837824,37.18961038961039,0.3593754781421855,0.042670710411454024,0.4272321872311191,0.32826475678173733,5.51344515330222,1.345974025974026,20.107364367147035,112.96860430917792,15.964387321860963,460.69031379342545,28.857375137884276,3.54128529198801,0,-6.115260475780815e-08,10.868714707990875,571332,E1_main
orchestrated,1,550,36,6,40.0,0.2,149094,0.9621044441761574,0.03789555582384268,6.365821776162219,6.14427246735019,9.729758682215518,37.25818181818182,0.3602152397737238,0.04060211119918317,0.42856921335840537,0.3273020495131856,5.59986564634349,1.3545454545454547,17.749942915359938,104.72755273918781,15.851910446671328,455.29193050176764,28.721581038036483,3.5605885080038404,0,-6.024674803484231e-08,11.061788332997821,568696,E1_main
orchestrated,2,550,36,6,40.0,0.2,148774,0.9642746716496162,0.035725328350383806,6.367029661246232,6.174429420428351,9.720895595235245,37.26207792207792,0.36127860206794143,0.04114625046515393,0.42657961245554815,0.32696206551273993,5.576472489839362,1.3831168831168832,17.67868894823149,103.0225996343714,15.938516723239266,460.98833114894416,28.922912913018866,3.654050928554489,0,-5.882066034246236e-08,11.07215058300062,567415,E1_main
orchestrated,3,550,36,6,40.0,0.2,148559,0.9629103588473267,0.037089641152673346,6.3608686909980285,6.150359166360189,9.715819019525272,37.155584415584414,0.35981346156266814,0.03941189185418702,0.4304417441434107,0.32741303651515097,5.668668988076193,1.3696103896103897,16.133426498133932,101.84932628308198,15.939878185305233,460.8799279230749,28.91364178353346,3.5736644373242825,0,-6.106165528763086e-08,10.915663833991857,567210,E1_main
orchestrated,4,550,36,6,40.0,0.2,148727,0.9611704666940099,0.03882953330599017,6.40436346035467,6.22634486295113,9.736744872601605,37.130389610389614,0.3596630736144506,0.041402905535020185,0.428500382175535,0.327272347759788,5.468288421678201,1.3542857142857143,18.74971171056769,107.73504470933214,15.789233025371562,453.39113914121396,28.71520981498368,3.588174299806966,0,-6.127811502665281e-08,10.991410917020403,569556,E1_main
orchestrated,5,550,36,6,40.0,0.2,148738,0.9616574110180317,0.038342588981968295,6.37482263777798,6.172192258995104,9.73116011145214,37.151948051948054,0.35949272024698814,0.04014800064172742,0.43029391906363496,0.32697926277601724,5.547318338494522,1.3503896103896105,17.36936042196642,97.27772368781747,15.821084434793047,455.08599993092395,28.764526338669835,3.5930515092783937,0,-5.868423613719642e-08,10.956682165997336,567327,E1_main
orchestrated,6,550,36,6,40.0,0.2,148974,0.9576033401801657,0.042396659819834336,6.398291108170027,6.211961472258554,9.741389560256867,37.054025974025976,0.35812581167366764,0.04024377718620918,0.432405985364191,0.32656012236382653,5.6157350047149555,1.3542857142857143,17.358063760304766,98.8472640643279,15.819481381751668,454.29506950409444,28.71744392506697,3.625851932492756,0,-6.263871910050511e-08,11.283197917015059,568489,E1_main
orchestrated,7,550,36,6,40.0,0.2,149241,0.9618067421151024,0.03819325788489758,6.418420259808293,6.257445809153918,9.737030507096884,37.283376623376626,0.3617577528820035,0.04004421031581595,0.42716866619675553,0.32760325684156966,5.542460873160441,1.3644155844155843,16.941216763213763,103.53362952138946,15.909582402953843,456.9532642493039,28.721889278782324,3.843170191737622,0,-5.824949766974896e-08,11.435002499987604,571791,E1_main
orchestrated,8,550,36,6,40.0,0.2,148645,0.9617276060412392,0.03827239395876081,6.392069686428332,6.203817343227274,9.729684347995983,37.13142857142857,0.3598481713415078,0.040079242366852806,0.42963687449057236,0.3269862677435972,5.576165098771733,1.3740259740259742,16.788137915157872,100.92433596854683,15.941876997319307,459.4450601696858,28.820010356807007,3.5779584656739027,0,-6.213122105691582e-08,11.365005291998386,567927,E1_main
orchestrated,9,550,36,6,40.0,0.2,149595,0.9591229653397506,0.04087703466024934,6.4872835502482555,6.383873677432226,9.754077590982389,37.26753246753247,0.36143033168047517,0.03988042479935159,0.4280694023119642,0.3268017711573601,5.674022579401295,1.375064935064935,16.610424943697517,95.46943027710583,15.855178842949076,454.38660282005964,28.658560544848662,3.5405747710841298,0,-5.9169906307943165e-08,11.58372349999263,573835,E1_main
threshold_80,0,550,24,6,40.0,0.2,149106,0.9201977116950357,0.07980228830496425,6.902877868122985,7.16485559924428,9.828920431452765,35.63818181818182,0.3428590828293482,0.03391713884594546,0.4625767099602915,0.3134687543239476,2.1066943088036116,1.0007792207792208,22.619490711030114,100.5413553602028,14.719249250449309,542.5721076595274,36.86139818869942,2.1746620870058884,0,-8.574897947255522e-08,10.956230749987299,574618,E2_chargers_24
threshold_80,1,550,24,6,40.0,0.2,149094,0.9217339396622265,0.07826606033777349,6.941262800989737,7.239414010355055,9.834955618438931,35.6948051948052,0.34327002076662044,0.030091804354148325,0.46527843628166693,0.3145548256521992,2.320992373405051,1.0236363636363637,15.503320882911165,74.94267790943364,15.064475215158357,546.8486244942129,36.30054261325721,2.1340048146893755,0,-8.469578460790217e-08,11.188203792000422,577143,E2_chargers_24
threshold_80,2,550,24,6,40.0,0.2,148774,0.9268823853630339,0.07311761463696613,6.906311959089011,7.174615007541918,9.825552130998647,35.817142857142855,0.3452286646669291,0.030026687276151386,0.46215372877981425,0.314330768446415,2.2303735648478122,1.018961038961039,15.162800938656712,71.81544698263042,15.004732523769777,541.6753139689979,36.100297896740365,2.2516439719684236,0,-8.315146260429174e-08,10.73349962499924,575598,E2_chargers_24
threshold_80,3,550,24,6,40.0,0.2,148559,0.9228050808096446,0.07719491919035534,6.933451796183988,7.2065295775285145,9.83013572233564,35.608051948051944,0.3429637351134577,0.03180437838801063,0.46432394049452635,0.31376657087794285,2.2474606614465196,1.0122077922077923,18.146546192949533,77.90541909184013,14.904677673482308,546.6312589351445,36.67514795758951,2.169785504698249,0,-8.668757800478488e-08,10.53485316701699,573412,E2_chargers_24
queue_aware,0,550,24,6,40.0,0.2,149106,0.9195941142542889,0.0804058857457111,6.882787605894354,7.124871468127822,9.829148851968153,35.61480519480519,0.34278980862610775,0.032389349527143514,0.46442758020809644,0.31467477148548606,2.580865218626516,0.9974025974025974,18.192251183723105,74.17943405602641,14.717785803546557,544.1619546751888,36.97308562161991,2.277306048780085,0,-8.544884622097015e-08,11.280595541989896,573740,E2_chargers_24
queue_aware,1,550,24,6,40.0,0.2,149094,0.9217473540182703,0.07825264598172965,6.943527576634765,7.237038021615202,9.831936901579612,35.69532467532468,0.34311961755382137,0.0310296452495683,0.46440153304783394,0.316184012201357,2.641603967722353,1.0145454545454544,15.456745021232647,64.50216746957449,14.977103665531681,554.0467357949208,36.99291586463439,2.1527145071045823,0,-8.354982128366828e-08,11.086264667013893,576694,E2_chargers_24
queue_aware,2,550,24,6,40.0,0.2,148774,0.9269764878271741,0.07302351217282589,6.867398119817864,7.095089077282804,9.820131018889612,35.82077922077922,0.3452479721520875,0.030293190254360964,0.46209409069293367,0.315321854942871,2.6031686724634033,1.0155844155844156,14.424365139494203,63.77699647575657,14.985080359860804,544.0837447557903,36.308363498215115,2.1176802230682004,0,-8.335155143868178e-08,11.041063332988415,573566,E2_chargers_24
queue_aware,3,550,24,6,40.0,0.2,148559,0.9197221306013099,0.08027786939869008,6.934452971148115,7.204498736864965,9.83433341668356,35.48909090909091,0.3420557773707562,0.032258250142520116,0.46566535604743264,0.3149806372177782,2.7049639783549364,1.0132467532467533,17.137756347425313,75.00218219121065,14.96095483035513,549.3811147403646,36.72099280894119,2.174889456234811,0,-8.67676135385409e-08,11.166830750007648,573199,E2_chargers_24
orchestrated,0,550,24,6,40.0,0.2,149106,0.9606454468633053,0.0393545531366947,6.461531059306616,6.332846051966771,9.748328987372126,37.20467532467533,0.35945268160862737,0.044236434995411064,0.4266395544820171,0.32375486234890377,4.632154142407093,1.2085714285714286,26.170202784181928,141.43393895929609,15.82863620613568,496.6514293752499,31.376766949936734,2.461430225170967,0,-6.638583727180958e-08,11.010086708993185,568731,E2_chargers_24
orchestrated,1,550,24,6,40.0,0.2,149094,0.9600520477014501,0.03994795229854991,6.4102371129985,6.227506440664486,9.737464761508017,37.1787012987013,0.35935710371511875,0.04061460083485979,0.43086770967475724,0.3230409624941671,4.682366879285284,1.2332467532467533,21.20297873500844,118.7312967827339,15.872838281710631,498.82336447245336,31.426223566280463,2.3669017557751943,0,-6.524714990518987e-08,10.931095209001796,567001,E2_chargers_24
orchestrated,2,550,24,6,40.0,0.2,148774,0.9627891970371167,0.0372108029628833,6.414368047428481,6.260128739604745,9.73016290468559,37.20467532467533,0.3604705119483752,0.04095484526265547,0.4288540418810193,0.3229926354534218,4.759862026321147,1.2335064935064934,21.409941747104234,126.50168105240998,15.919729389910518,501.7385764501243,31.51677796534106,2.40673499574348,0,-6.369555194396526e-08,10.856794457999058,566050,E2_chargers_24
orchestrated,3,550,24,6,40.0,0.2,148559,0.9615708237131375,0.03842917628686246,6.409859884602663,6.245471030698536,9.72706569620282,37.103896103896105,0.3590181127044915,0.044217216671831934,0.4278862194724425,0.322976901410538,4.814689749038484,1.2374025974025975,25.124889659069513,142.777011627627,15.858739934027124,496.6957923974708,31.32000363608594,2.340284901754213,0,-6.639675120823085e-08,11.059717583004385,565557,E2_chargers_24
threshold_80,0,550,30,6,40.0,0.2,149106,0.9295065255589983,0.07049347444100171,6.839273250893579,7.02434260379135,9.820874033051124,35.9987012987013,0.34658509484818295,0.029423297540673944,0.4612563661324223,0.3137278999722442,2.1200743931390207,1.010909090909091,14.986224499555004,75.88236442102362,14.879530139319314,555.4108942040698,37.32717962218381,2.7222272794138918,0,-8.221468306146562e-08,10.435637166985543,575192,E2_chargers_30
threshold_80,1,550,30,6,40.0,0.2,149094,0.9225723369149664,0.0774276630850336,6.924969686343653,7.2029275558311685,9.831422600342194,35.72727272727273,0.3435076210875472,0.029311149187368248,0.4655298462180279,0.3145881859371597,2.2861924825426536,1.024155844155844,13.893782344328239,66.65490464780083,15.079827801993622,554.5349355530158,36.77329362339958,2.6474686624497146,0,-8.396455086767673e-08,10.716183334006928,576582,E2_chargers_30
threshold_80,2,550,30,6,40.0,0.2,148774,0.9299676018659174,0.07003239813408257,6.919342907815887,7.19867122246748,9.825757567768644,35.93636363636364,0.3463500250971576,0.026760207860021777,0.46360358838345644,0.3145729788144623,2.264090648348155,1.0311688311688312,10.067237666088532,50.22167952915246,15.17119078038793,534.0826852776902,35.20374194806834,2.6599358274355116,0,-8.063761924859136e-08,10.28773437498603,576857,E2_chargers_30
threshold_80,3,550,30,6,40.0,0.2,148559,0.9262986422902685,0.07370135770973149,6.911538576887303,7.161350746459842,9.824637499505284,35.74285714285714,0.34418569402106575,0.026778240689389964,0.46723758727425635,0.3142891040806378,2.308062486826199,1.0233766233766235,10.354048659544237,55.57886700452431,15.063446361753375,539.4927282306489,35.81469441152857,2.688226984037561,0,-8.401184459216893e-08,10.445534041995415,574643,E2_chargers_30
queue_aware,0,550,30,6,40.0,0.2,149106,0.9297144313441444,0.07028556865585557,6.822937484652766,6.9803530968604415,9.813326377262275,36.00675324675325,0.3465789592028361,0.026435412379859625,0.46413072216328577,0.3151788701619201,2.481791794278414,1.014025974025974,9.364089044758126,48.12106482309284,14.938776851934248,556.1478892923113,37.22847558435162,2.6098164924700846,0,-8.051756594795734e-08,10.953632499993546,574502,E2_chargers_30
queue_aware,1,550,30,6,40.0,0.2,149094,0.925758246475378,0.07424175352462205,6.919378623161598,7.193303091811443,9.82899747253415,35.850649350649356,0.34463422062151106,0.025421740937283284,0.46724256628633437,0.3164266297308288,2.6199616466329245,1.0303896103896104,7.142881627249867,35.181464695864555,15.180916183071407,552.3291352548019,36.38312263858732,2.7379626252071603,0,-8.134884410537779e-08,10.98185533398646,576883,E2_chargers_30
queue_aware,2,550,30,6,40.0,0.2,148774,0.9303977845591299,0.06960221544087004,6.8386436378579925,7.019487484025983,9.818405123409757,35.95298701298701,0.3467228375811517,0.024663210675832194,0.46547140181056806,0.31476863881189227,2.487837283885868,1.0257142857142856,6.508287669345653,38.07416378295563,15.109020044530814,539.3529242300112,35.69741271375486,2.6578597797390957,0,-8.178722055163234e-08,10.80383120800252,573256,E2_chargers_30
queue_aware,3,550,30,6,40.0,0.2,148559,0.9288094292503315,0.07119057074966849,6.874970239717253,7.083880849935425,9.819074409355817,35.83974025974026,0.34511784131516066,0.025730701029200803,0.4665856130135023,0.3158267648239615,2.5992270981253904,1.0236363636363637,7.946469505156679,38.85703643898693,15.083149629661255,553.9613500116557,36.72716664709616,2.6447595613669135,0,-8.318056643474847e-08,10.954689500009408,573780,E2_chargers_30
orchestrated,0,550,30,6,40.0,0.2,149106,0.9605180207369254,0.03948197926307459,6.476025818447335,6.37521461796908,9.757265093752844,37.19974025974026,0.3593683127595142,0.04161675597220957,0.42854472272779215,0.3266927372436068,5.098583530656833,1.2761038961038962,20.849088546300944,113.66027043227182,15.961008948714863,478.3074609680776,29.967244708962436,2.934520627466129,0,-6.25586835667491e-08,10.853201291989535,571297,E2_chargers_30
orchestrated,1,550,30,6,40.0,0.2,149094,0.9618227426992367,0.038177257300763275,6.3960589891418405,6.192163276897433,9.73799891047398,37.24727272727273,0.35998550387369666,0.040095720409952414,0.430063274160849,0.3253693649363645,5.1913973368697794,1.2922077922077921,18.71703306770538,105.9373231110883,15.936514971024057,476.28487737603274,29.88638847590072,3.041591694366864,0,-6.108894012868404e-08,10.758780249976553,568143,E2_chargers_30
orchestrated,2,550,30,6,40.0,0.2,148774,0.9637638297014264,0.03623617029857368,6.3841347730560285,6.200442560004012,9.719631519327232,37.24233766233766,0.3611086440245272,0.04144741713151335,0.426905505459475,0.3254065375755969,5.246571583405222,1.3062337662337664,19.672352478121713,107.9297952495868,15.986546770711032,477.3144874051876,29.857260248328046,3.0125665162963426,0,-5.922083801124245e-08,10.614591833000304,566787,E2_chargers_30
orchestrated,3,550,30,6,40.0,0.2,148559,0.9625468669013658,0.03745313309863421,6.374953985596722,6.174429420429321,9.71605264022112,37.141558441558445,0.35951451191242356,0.041586621904171575,0.4292669423961945,0.32536874998327875,5.200180106319533,1.2953246753246752,20.30756131349299,113.61006074886093,15.92959634481539,475.5770988561835,29.8549372226227,3.043753151289236,0,-6.32808223599568e-08,10.781660499982536,566259,E2_chargers_30
threshold_80,0,550,36,6,40.0,0.2,149106,0.933510388582619,0.06648961141738093,6.764102015500208,6.880201703722317,9.810455257915017,36.153766233766234,0.3480481974320202,0.0256824955891442,0.4626250726146767,0.31423705334581087,2.2238391765829375,1.0187012987012987,9.119329601968763,49.85094676632369,14.979363348627688,562.5902066374334,37.55768476561951,3.121945794290015,0,-7.922608347143978e-08,10.269733958004508,573059,E2_chargers_36
threshold_80,1,550,36,6,40.0,0.2,149094,0.9303660777764363,0.06963392222356365,6.8877273587174335,7.127875310387269,9.824241314344738,36.02909090909091,0.34678945496485536,0.02249966373454023,0.46740483101728647,0.3148682694968953,2.3367774488584243,1.0376623376623377,3.9242404961234905,23.792742105313895,15.242963053006678,541.8031665454126,35.54447810844374,3.2333902775500594,0,-7.905327947810292e-08,10.341846666997299,576536,E2_chargers_36
threshold_80,2,550,36,6,40.0,0.2,148774,0.933294796133733,0.06670520386626695,6.862900601958118,7.091133448725062,9.817645691232174,36.064935064935064,0.3479044331923443,0.022399731303877422,0.4659119953667815,0.3141716880344467,2.2985515398670944,1.0311688311688312,3.95474418990074,23.90343364664078,15.167328810901788,531.6121856788518,35.04982270159174,3.1669165161021353,0,-7.92824721429497e-08,10.414188875001855,575270,E2_chargers_36
threshold_80,3,550,36,6,40.0,0.2,148559,0.9283853553133772,0.07161464468662282,6.896080826144891,7.1271556100303615,9.820897138110256,35.823376623376625,0.34482466142397006,0.023016680458863303,0.4695816943361268,0.31483916591288347,2.3257450293219213,1.0254545454545454,5.004482401818944,28.429833397991796,15.07726602088358,539.2648239605827,35.766751293878144,3.1929250722815463,0,-8.318420441355556e-08,10.327824209001847,574673,E2_chargers_36
queue_aware,0,550,36,6,40.0,0.2,149106,0.9329537376094859,0.06704626239051413,6.782501078158616,6.9200863042710505,9.809431937648721,36.132207792207794,0.3478952621815765,0.02389982043683798,0.46448484409888874,0.3152008212710512,2.450803663744135,1.0187012987012987,5.772242731192316,33.05050340468811,14.989368791819894,556.2985109113436,37.11287103796731,3.1762516261967857,0,-7.88022589404136e-08,10.471595625014743,573797,E2_chargers_36
queue_aware,1,550,36,6,40.0,0.2,149094,0.9304063208445679,0.06959367915543214,6.8534549766738975,7.065941317829614,9.819346022200358,36.03064935064935,0.3466766006160843,0.021896576923529625,0.46815943098496254,0.3152833756484607,2.4818102299139824,1.0361038961038962,2.5017420852346777,14.351009451056012,15.2381421119986,543.1281124188224,35.64267273706289,3.1228297376034195,0,-8.023380360100418e-08,10.580374792014481,575657,E2_chargers_36
queue_aware,2,550,36,6,40.0,0.2,148774,0.9334561146436877,0.06654388535631225,6.846427747672074,7.065499276730407,9.815130116324728,36.07116883116883,0.3479892464243249,0.021237570595621896,0.4669113779132499,0.314869489310639,2.45667546712703,1.0301298701298702,1.7698516510573432,10.660768172980655,15.150544623675918,529.2721945217519,34.934202543098856,3.141887535383952,0,-7.900234777480364e-08,10.524345499987248,575325,E2_chargers_36
queue_aware,3,550,36,6,40.0,0.2,148559,0.9276045207627945,0.07239547923720542,6.876728004679877,7.090385307411392,9.820249501329574,35.793246753246756,0.34467061194735155,0.02185957394216791,0.4715698365799471,0.31471591995198656,2.5123700666981326,1.0244155844155844,2.8514982848497996,18.329920728269396,15.075515241432385,539.1167064503044,35.76107999072812,3.139534790694309,0,-8.352435543201864e-08,10.633812334010145,573820,E2_chargers_36
orchestrated,0,550,36,6,40.0,0.2,149106,0.9602564618459352,0.039743538154064895,6.4438892732631645,6.294555498206076,9.74272345837824,37.18961038961039,0.3593754781421855,0.042670710411454024,0.4272321872311191,0.32826475678173733,5.51344515330222,1.345974025974026,20.107364367147035,112.96860430917792,15.964387321860963,460.69031379342545,28.857375137884276,3.54128529198801,0,-6.115260475780815e-08,10.950273124995874,571332,E2_chargers_36
orchestrated,1,550,36,6,40.0,0.2,149094,0.9621044441761574,0.03789555582384268,6.365821776162219,6.14427246735019,9.729758682215518,37.25818181818182,0.3602152397737238,0.04060211119918317,0.42856921335840537,0.3273020495131856,5.59986564634349,1.3545454545454547,17.749942915359938,104.72755273918781,15.851910446671328,455.29193050176764,28.721581038036483,3.5605885080038404,0,-6.024674803484231e-08,10.95693454198772,568696,E2_chargers_36
orchestrated,2,550,36,6,40.0,0.2,148774,0.9642746716496162,0.035725328350383806,6.367029661246232,6.174429420428351,9.720895595235245,37.26207792207792,0.36127860206794143,0.04114625046515393,0.42657961245554815,0.32696206551273993,5.576472489839362,1.3831168831168832,17.67868894823149,103.0225996343714,15.938516723239266,460.98833114894416,28.922912913018866,3.654050928554489,0,-5.882066034246236e-08,10.978365832997952,567415,E2_chargers_36
orchestrated,3,550,36,6,40.0,0.2,148559,0.9629103588473267,0.037089641152673346,6.3608686909980285,6.150359166360189,9.715819019525272,37.155584415584414,0.35981346156266814,0.03941189185418702,0.4304417441434107,0.32741303651515097,5.668668988076193,1.3696103896103897,16.133426498133932,101.84932628308198,15.939878185305233,460.8799279230749,28.91364178353346,3.5736644373242825,0,-6.106165528763086e-08,10.785451458999887,567210,E2_chargers_36
threshold_80,0,550,48,6,40.0,0.2,149106,0.9351803415020187,0.0648196584979813,6.7735814066450395,6.909352990265567,9.809980261589711,36.21844155844156,0.34886757449278744,0.021070798933902443,0.46590833759309536,0.31447514826517964,2.214165878034579,1.0270129870129872,2.329780100813316,16.936649408595354,15.087134418349176,551.3620078826234,36.54517767217938,4.116945473183158,0,-7.840390026103705e-08,10.340216166980099,573843,E2_chargers_48
threshold_80,1,550,48,6,40.0,0.2,149094,0.9340013682643165,0.06599863173568353,6.881128700080348,7.122462745530841,9.819777527451565,36.16987012987013,0.3482315155976641,0.02015167541583612,0.46729031477765837,0.31537977068188555,2.319072688804044,1.0412987012987014,0.5890980582326286,4.681395490641779,15.292747585358825,539.0550548146565,35.24906507518271,4.133516406026243,0,-7.850030669942498e-08,10.591329624992795,577518,E2_chargers_48
threshold_80,2,550,48,6,40.0,0.2,148774,0.9366623200290374,0.06333767997096267,6.8537908683038005,7.080670778419395,9.817138925469772,36.195064935064934,0.3493057980312103,0.020006950793664473,0.46615072105182975,0.3142227484511128,2.319217822809797,1.0335064935064935,0.5434605833418996,4.322550895972425,15.186783230544268,513.2308706353173,33.794574061153824,3.7985449501141004,0,-7.69978214520961e-08,10.477997874986613,576437,E2_chargers_48
threshold_80,3,550,48,6,40.0,0.2,148559,0.9326934080062467,0.06730659199375333,6.865257997485495,7.08193762669689,9.816071152675478,35.98961038961039,0.34678247669784384,0.020318457546723293,0.4695781649246364,0.3145051504710919,2.3084164647954286,1.035064935064935,1.0206854971349313,8.466739849841979,15.206380249311234,533.5689938043228,35.088494767089,3.9760297390359685,0,-8.101415005512536e-08,10.400587333977455,575107,E2_chargers_48
queue_aware,0,550,48,6,40.0,0.2,149106,0.9359784314514507,0.06402156854854936,6.778789693749618,6.914529022415081,9.81266738740247,36.24935064935065,0.34896904968983433,0.020310148437189122,0.46623491568950337,0.3151608331629336,2.313091896759652,1.0272727272727271,0.9599856141057519,7.046889846465666,15.099313531126088,546.3106083407446,36.181155336271864,4.1746028657660235,0,-7.702692528255284e-08,10.84518166698399,574183,E2_chargers_48
queue_aware,1,550,48,6,40.0,0.2,149094,0.9338269816357466,0.06617301836425342,6.839965988266635,7.031933111341399,9.814448229960787,36.163116883116885,0.3480404504236873,0.02032456341721885,0.46758774494999766,0.3152458641680732,2.3826224233014983,1.0433766233766233,0.5454311933957956,4.633294611688471,15.327958355562416,540.1510135931919,35.23959297535374,4.076280525792396,0,-7.808739610482007e-08,10.7075930829742,575857,E2_chargers_48
queue_aware,2,550,48,6,40.0,0.2,148774,0.9358624490838453,0.06413755091615471,6.8516741205537945,7.0719918418775105,9.814602184439913,36.16415584415584,0.34882669241967523,0.01982695478841247,0.4671039246324687,0.31423441092937576,2.309869293078529,1.0316883116883118,0.2681522311419814,2.0354905864324437,15.15903116651506,519.0633590977774,34.24119611577432,3.9758716896018274,0,-7.806738722138107e-08,10.6559460000135,575969,E2_chargers_48
queue_aware,3,550,48,6,40.0,0.2,148559,0.9286949966006772,0.07130500339932283,6.863266687234132,7.0561001064619635,9.816004543643794,35.83532467532468,0.3453348582526597,0.019870490992133637,0.4725430970039573,0.31424072700335043,2.366383935064164,1.028051948051948,0.41262763764115223,3.859654528817093,15.11037494533267,531.1503919799787,35.1513707569541,4.000025734555852,0,-8.248025551438332e-08,10.888569000002462,573413,E2_chargers_48
orchestrated,0,550,48,6,40.0,0.2,149106,0.9618124019154158,0.03818759808458412,6.423174420994279,6.260762737796176,9.74549249194776,37.24987012987013,0.3598833636579229,0.035616102830381365,0.4325295555269237,0.33122895197655233,5.9899845243004455,1.504935064935065,10.20521391573655,67.81941015391278,15.81960385673833,452.588076253706,28.60931792934416,4.67038747285805,0,-5.769288691226393e-08,10.958421249990351,573733,E2_chargers_48
orchestrated,1,550,48,6,40.0,0.2,149094,0.9621916374904422,0.03780836250955773,6.383433955650293,6.171303552639438,9.735134137253043,37.26155844155844,0.3603296049916887,0.036050084290400415,0.43204453828153155,0.32972745575751705,5.864088993695364,1.5072727272727273,10.73728820114567,73.81590958021168,15.74983666770145,449.7633946037589,28.55670214828951,5.100885680345177,0,-5.697620508726686e-08,10.708545917004813,571740,E2_chargers_48
orchestrated,2,550,48,6,40.0,0.2,148774,0.9640394154892656,0.0359605845107344,6.355852241712589,6.148450296500959,9.719536104228562,37.25298701298701,0.3611722950883348,0.036357283409501985,0.4306948636959597,0.32916203570803687,5.870791353346415,1.5348051948051948,10.679657817827819,70.9660743161453,15.778876770056725,451.37507868574625,28.606287080098895,4.937140564477553,0,-5.5781129049137235e-08,10.88299837501836,569629,E2_chargers_48
orchestrated,3,550,48,6,40.0,0.2,148559,0.9631661494759658,0.03683385052403422,6.345993837524214,6.133333333333334,9.712017958187303,37.16545454545455,0.35989695252912784,0.035269250066066675,0.4337246623060268,0.3294958557841602,5.96972531978958,1.5212987012987012,9.793328634104663,68.67900334261552,15.81249709028621,451.6902740774738,28.565398083453378,5.053041275660686,0,-5.795664037577808e-08,10.758488999999827,569212,E2_chargers_48
threshold_80,0,550,72,6,40.0,0.2,149106,0.9358174721339182,0.06418252786608185,6.7940889103507685,6.94946611241321,9.809044750031171,36.24311688311688,0.34905948644247403,0.01959069317506008,0.46729804744173276,0.3139406469854741,2.258559115224913,1.0301298701298702,0.1489512549844006,0.0,15.12547493764177,544.986336758068,36.031023092160666,4.796450507645975,0,-7.756170816719532e-08,10.217327750026016,574570,E2_chargers_72
threshold_80,1,550,72,6,40.0,0.2,149094,0.9309294807302776,0.06907051926972246,6.872024885929707,7.10234477903723,9.819181496089247,36.05090909090909,0.34692699226551815,0.019656097405636674,0.4697846287412984,0.3152545830317579,2.348243719687801,1.0361038961038962,0.013839209018754623,0.0,15.218561754835907,533.3228985320737,35.04423789341349,4.532118295835783,0,-7.944436219986528e-08,10.493236791022355,576549,E2_chargers_72
threshold_80,2,550,72,6,40.0,0.2,148774,0.9370521730947612,0.06294782690523881,6.840507749874181,7.033351751721542,9.813587735447994,36.21012987012987,0.34936255601541966,0.019597747858792872,0.46648551624132906,0.3142028200673106,2.273463545388914,1.0337662337662337,0.004543599608389419,0.0,15.185572946372009,520.9701352669224,34.306913351688024,3.8201814902663624,0,-7.743983587715775e-08,10.383486667007674,575868,E2_chargers_72
threshold_80,3,550,72,6,40.0,0.2,148559,0.9324510800422727,0.06754891995772723,6.839148502738278,7.009732623523936,9.810698765625906,35.98025974025974,0.34676948192077917,0.019533662953969282,0.4705940717666861,0.3141866811013541,2.3183723900285975,1.0314285714285714,0.030749954645034615,0.0,15.144537744211108,528.1999404730234,34.877257358015044,4.507005133442548,0,-8.072129276115447e-08,10.197541416011518,574064,E2_chargers_72
queue_aware,0,550,72,6,40.0,0.2,149106,0.9388354593376524,0.06116454066234759,6.722933137257331,6.8037684049069265,9.800843711884834,36.36,0.3503703538436388,0.019529461254418987,0.4652682773915157,0.3144012640858685,2.2392254244349323,1.0322077922077921,0.041148076779886605,0.0,15.161933704929524,546.6827643676461,36.056269273219804,4.937474443158632,0,-7.576090865768492e-08,10.64356908298214,573054,E2_chargers_72
queue_aware,1,550,72,6,40.0,0.2,149094,0.932968462848941,0.06703153715105907,6.849860109004482,7.053524965032315,9.819181496089247,36.12987012987013,0.3476807432327305,0.019730526840269526,0.4687325908231189,0.31515636613088116,2.3305834595540444,1.0389610389610389,0.023714769595019,0.0,15.253445339406573,531.8744753113205,34.869137003247864,4.541832069399974,0,-7.88222678238526e-08,10.651329457992688,576024,E2_chargers_72
queue_aware,2,550,72,6,40.0,0.2,148774,0.9370521730947612,0.06294782690523881,6.840507749874181,7.033351751721542,9.813587735447994,36.21012987012987,0.34936255601541966,0.019597747858792872,0.46648551624132906,0.3142028200673106,2.273463545388914,1.0337662337662337,0.004543599608389419,0.0,15.185572946372009,520.9701352669224,34.306913351688024,3.8201814902663624,0,-7.743983587715775e-08,10.505723915994167,575868,E2_chargers_72
queue_aware,3,550,72,6,40.0,0.2,148559,0.9332453772575205,0.06675462274247942,6.8510734957742025,7.037618776811481,9.81596325399587,36.01090909090909,0.3470793832773536,0.019633893632308073,0.4699829316548084,0.3142989411732715,2.358822367090415,1.0345454545454547,0.02972114030279855,0.0,15.195919882380775,534.1632356834108,35.151753879852805,5.3146336114471415,0,-8.035567589104176e-08,10.738997415988706,574782,E2_chargers_72
orchestrated,0,550,72,6,40.0,0.2,149106,0.962315399782705,0.037684600217295076,6.419953915225316,6.264381130279799,9.74095497145919,37.26935064935065,0.3600694284417719,0.02918308061026931,0.4383501901166374,0.33036516261502247,5.581845615317112,1.5716883116883118,4.049592155449411,30.357106971114504,15.634269495294575,454.91519277979336,29.09731042545407,6.9471090008952485,0,-5.6883436627686024e-08,11.035105832997942,575229,E2_chargers_72
orchestrated,1,550,72,6,40.0,0.2,149094,0.9626544327739547,0.03734556722604531,6.382771662320443,6.174429420429321,9.726143258518762,37.279480519480515,0.36037643489154614,0.028929060912904148,0.43830877260289564,0.3309926050776465,5.794543720568899,1.594805194805195,3.3966519942546602,27.077812164626497,15.734269431325348,457.50731333179965,29.07712463731863,7.440828685471633,0,-5.50498953089118e-08,10.841560125001706,573581,E2_chargers_72
orchestrated,2,550,72,6,40.0,0.2,148774,0.9648124000161319,0.03518759998386815,6.3442664330087934,6.127867855948474,9.712929738181023,37.28285714285715,0.3613533805302742,0.02898984603498596,0.43720477734370455,0.3300341326050162,5.773784547271371,1.634025974025974,3.2348753926063987,26.03385398593867,15.700221122400539,456.4558158952471,29.073209373082744,7.386057928272942,0,-5.3787516662850976e-08,10.777150958019774,571090,E2_chargers_72
orchestrated,3,550,72,6,40.0,0.2,148559,0.9642095059875201,0.03579049401247989,6.347864397616845,6.133497947693104,9.711651209976456,37.205714285714286,0.3601552126558496,0.02891018880363828,0.4392675967215385,0.32953790711979314,5.740483231529803,1.581038961038961,3.5854263328535265,30.237264422264847,15.67497052354655,454.8435035443451,29.017183978820917,7.0487675009477275,0,-5.6461431086063385e-08,10.788850792014273,571224,E2_chargers_72
threshold_80,0,450,36,6,40.0,0.2,149106,0.8712459592504661,0.1287540407495339,7.420787796528911,8.056284710965702,9.879393483699774,41.240634920634925,0.3949125715380594,0.024995626210299465,0.397448818881591,0.3100289345618927,2.338303513614689,1.109206349206349,5.244690553175281,29.50735633187456,13.353046183890504,428.24378861623154,32.07086852832705,3.1199724371429194,0,2.2821950551588088e-08,10.105159999977332,581769,E3_fleet_450
threshold_80,1,450,36,6,40.0,0.2,149094,0.8502018860584598,0.14979811394154025,7.517202008992378,8.189100947491534,9.887759232196574,40.24126984126984,0.3846599366677079,0.02383987360017503,0.4153400359459672,0.3081816496741392,2.5104620961645385,1.0926984126984127,4.001003906423847,23.584002573452093,13.168695256395257,428.5016207665,32.53941354276553,3.201389550972983,0,1.4042598195374012e-08,10.287310665997211,577988,E3_fleet_450
threshold_80,2,450,36,6,40.0,0.2,148774,0.8699772809765147,0.13002271902348528,7.449905300879632,8.101777790915367,9.878642131209247,41.08888888888889,0.3939808567745075,0.023871015110227493,0.4003156190338454,0.3093769741671818,2.412065109020944,1.1187301587301588,3.5302704052230616,25.94631314063715,13.46085641694008,433.30057625285343,32.18967373484184,3.239346919039633,0,2.2634594643022865e-08,10.045230332994834,581012,E3_fleet_450
threshold_80,3,450,36,6,40.0,0.2,148559,0.8677764389905694,0.13222356100943058,7.4494060464306635,8.07951665339521,9.88063873757128,40.925714285714285,0.3920069065486872,0.024079056281430238,0.4030469598396392,0.3095089541803941,2.499777184639832,1.1123809523809525,3.866539816003214,23.612807288821713,13.39762893417615,434.1211262059379,32.40283249661691,3.1641964105186893,0,2.0883817342109978e-08,10.10129562500515,579950,E3_fleet_450
orchestrated,0,450,36,6,40.0,0.2,149106,0.8944576341662978,0.1055423658337022,7.1909431317091945,7.706296488658214,9.858329889716503,42.33936507936507,0.40648128369507364,0.03809230117949874,0.36360263248889313,0.32723250821776734,6.16354763626645,1.532063492063492,10.839574664490618,62.06352102920367,13.983694146019502,403.09288072748774,28.82592228622429,3.6160883596449205,0,3.591958375182003e-08,10.601731125003425,583345,E3_fleet_450
orchestrated,1,450,36,6,40.0,0.2,149094,0.8949790065327914,0.10502099346720861,7.2139176887697465,7.741538775945325,9.858052885636546,42.36063492063492,0.40653671177461415,0.03914064113709778,0.36194351242659256,0.3278880121270908,6.2212576385393765,1.5406349206349206,11.803425365688277,63.489899294592306,14.020507733152856,405.3261122776216,28.9095174006565,3.540232823229396,0,3.5613993532024324e-08,10.846015125018312,584875,E3_fleet_450
orchestrated,2,450,36,6,40.0,0.2,148774,0.9004261497304636,0.09957385026953634,7.215452349774703,7.741107264483192,9.85685808594489,42.526984126984125,0.4093210701351713,0.03795880828319405,0.3595673533728677,0.32632278921208324,6.051718820948342,1.5479365079365077,11.17497194512139,64.52515491645269,14.134614229592598,409.02484948634617,28.93781484534619,3.510236250166056,0,3.6685378290712833e-08,10.908541250013513,584964,E3_fleet_450
orchestrated,3,450,36,6,40.0,0.2,148559,0.8991309849958602,0.10086901500413976,7.191677749301433,7.694042142729693,9.858455635283706,42.404444444444444,0.40794778861543696,0.0403349356895919,0.3597250998682537,0.3257092076536525,6.1244849325024875,1.5349206349206348,13.750530668799774,68.75845360262181,14.179114663118257,408.68943689024775,28.823339580806323,3.728369262151864,0,3.48118192050606e-08,10.938899041997502,582807,E3_fleet_450
threshold_80,0,500,36,6,40.0,0.2,149106,0.9046584309149196,0.09534156908508042,7.154401810877596,7.650650284462609,9.8549848737443,38.54,0.369926244539407,0.024145751340934402,0.43246461386095236,0.3134669555171658,2.3028664305878395,1.074857142857143,4.9508976086173755,26.39367589452949,14.379521981674458,463.5298534273867,32.23541464160757,3.056320326713803,0,-2.4321707314811647e-08,10.256388750014594,581940,E3_fleet_500
threshold_80,1,500,36,6,40.0,0.2,149094,0.8946302332756516,0.1053697667243484,7.260447532346687,7.808776614168892,9.863750142834348,38.10971428571428,0.3654338023184726,0.02430804460695119,0.439661706304626,0.3128716211401403,2.3923706944235605,1.0642857142857143,5.401742661382239,29.357719014069662,14.234897783509867,454.94476080583,31.959819292334622,3.0376459841883667,0,-2.9122020350769162e-08,10.348336666997056,582444,E3_fleet_500
threshold_80,2,500,36,6,40.0,0.2,148774,0.905951308696412,0.09404869130358799,7.193259921072077,7.712621873980485,9.854874560781317,38.50914285714286,0.3707515787752036,0.02466099228879055,0.43137684909315643,0.3125893251483019,2.360843055135003,1.0822857142857143,5.456159165167109,27.77145381061869,14.482267497710264,461.55119263452445,31.870091662614197,3.1869829144192745,0,-2.3479515220969915e-08,10.061779500014381,581908,E3_fleet_500
threshold_80,3,500,36,6,40.0,0.2,148559,0.9059430933164602,0.09405690668353987,7.162772642582343,7.644353421859463,9.854796388446022,38.45314285714286,0.3695189494753757,0.024807297791375662,0.4328244261895012,0.3134125382862349,2.436348086125599,1.074857142857143,5.715879734427566,31.573832212301873,14.375366951752754,458.99367851317857,31.92917996832175,3.1660838094525863,0,-2.6442648959346116e-08,10.122820249991491,579850,E3_fleet_500
orchestrated,0,500,36,6,40.0,0.2,149106,0.9333091894357035,0.06669081056429654,6.812238804384814,6.984632964875588,9.820391319818082,39.76057142857143,0.38316431288470343,0.037142159602334995,0.39833893752813126,0.3270300604138076,5.659136781293655,1.369142857142857,13.539398101716573,83.09786130019828,14.93907188829987,429.74984035087743,28.766836625737984,3.7071835360930887,0,-1.2096279533579946e-08,10.630118542001583,577167,E3_fleet_500
orchestrated,1,500,36,6,40.0,0.2,149094,0.9344440420137631,0.06555595798623687,6.780086748420871,6.921978524639174,9.811852623466013,39.80571428571428,0.3837369805647509,0.03726226016346123,0.39710457214840533,0.3269615547685056,5.639411505311385,1.3885714285714286,13.391870357289728,80.81604280328749,15.009814701708487,434.9892206323926,28.980319162959425,3.7166312589052914,0,-1.1983502190560102e-08,10.753775374992983,576063,E3_fleet_500
orchestrated,2,500,36,6,40.0,0.2,148774,0.9385712557301679,0.061428744269832095,6.7930531253771465,6.955901606402282,9.806298021034648,39.895714285714284,0.3856685724729453,0.03669885708441879,0.3946441721179814,0.326641838156659,5.6122785082919435,1.4008571428571428,12.667979120624,80.10381224785597,15.01778941533158,434.64143217110086,28.941771664968066,3.7122011804086044,0,-1.2023519957438111e-08,10.787963957991451,576146,E3_fleet_500
orchestrated,3,500,36,6,40.0,0.2,148559,0.9378159519113618,0.062184048088638186,6.796304491567638,6.949754581159019,9.804811197856907,39.806,0.3842765070790447,0.03833913508282634,0.39506179597618213,0.3273345295729313,5.77580362734129,1.3837142857142857,14.38334068415292,89.70351833271565,15.007555345268543,433.4512145443905,28.88219997010009,3.488756925635059,0,-1.2696546036750078e-08,10.770785250002518,576029,E3_fleet_500
threshold_80,0,550,36,6,40.0,0.2,149106,0.933510388582619,0.06648961141738093,6.764102015500208,6.880201703722317,9.810455257915017,36.153766233766234,0.3480481974320202,0.0256824955891442,0.4626250726146767,0.31423705334581087,2.2238391765829375,1.0187012987012987,9.119329601968763,49.85094676632369,14.979363348627688,562.5902066374334,37.55768476561951,3.121945794290015,0,-7.922608347143978e-08,10.22218745900318,573059,E3_fleet_550
threshold_80,1,550,36,6,40.0,0.2,149094,0.9303660777764363,0.06963392222356365,6.8877273587174335,7.127875310387269,9.824241314344738,36.02909090909091,0.34678945496485536,0.02249966373454023,0.46740483101728647,0.3148682694968953,2.3367774488584243,1.0376623376623377,3.9242404961234905,23.792742105313895,15.242963053006678,541.8031665454126,35.54447810844374,3.2333902775500594,0,-7.905327947810292e-08,10.30409570899792,576536,E3_fleet_550
threshold_80,2,550,36,6,40.0,0.2,148774,0.933294796133733,0.06670520386626695,6.862900601958118,7.091133448725062,9.817645691232174,36.064935064935064,0.3479044331923443,0.022399731303877422,0.4659119953667815,0.3141716880344467,2.2985515398670944,1.0311688311688312,3.95474418990074,23.90343364664078,15.167328810901788,531.6121856788518,35.04982270159174,3.1669165161021353,0,-7.92824721429497e-08,10.405640916986158,575270,E3_fleet_550
threshold_80,3,550,36,6,40.0,0.2,148559,0.9283853553133772,0.07161464468662282,6.896080826144891,7.1271556100303615,9.820897138110256,35.823376623376625,0.34482466142397006,0.023016680458863303,0.4695816943361268,0.31483916591288347,2.3257450293219213,1.0254545454545454,5.004482401818944,28.429833397991796,15.07726602088358,539.2648239605827,35.766751293878144,3.1929250722815463,0,-8.318420441355556e-08,10.43358637500205,574673,E3_fleet_550
orchestrated,0,550,36,6,40.0,0.2,149106,0.9602564618459352,0.039743538154064895,6.4438892732631645,6.294555498206076,9.74272345837824,37.18961038961039,0.3593754781421855,0.042670710411454024,0.4272321872311191,0.32826475678173733,5.51344515330222,1.345974025974026,20.107364367147035,112.96860430917792,15.964387321860963,460.69031379342545,28.857375137884276,3.54128529198801,0,-6.115260475780815e-08,10.855547292012488,571332,E3_fleet_550
orchestrated,1,550,36,6,40.0,0.2,149094,0.9621044441761574,0.03789555582384268,6.365821776162219,6.14427246735019,9.729758682215518,37.25818181818182,0.3602152397737238,0.04060211119918317,0.42856921335840537,0.3273020495131856,5.59986564634349,1.3545454545454547,17.749942915359938,104.72755273918781,15.851910446671328,455.29193050176764,28.721581038036483,3.5605885080038404,0,-6.024674803484231e-08,10.904209000000264,568696,E3_fleet_550
orchestrated,2,550,36,6,40.0,0.2,148774,0.9642746716496162,0.035725328350383806,6.367029661246232,6.174429420428351,9.720895595235245,37.26207792207792,0.36127860206794143,0.04114625046515393,0.42657961245554815,0.32696206551273993,5.576472489839362,1.3831168831168832,17.67868894823149,103.0225996343714,15.938516723239266,460.98833114894416,28.922912913018866,3.654050928554489,0,-5.882066034246236e-08,10.785650083009386,567415,E3_fleet_550
orchestrated,3,550,36,6,40.0,0.2,148559,0.9629103588473267,0.037089641152673346,6.3608686909980285,6.150359166360189,9.715819019525272,37.155584415584414,0.35981346156266814,0.03941189185418702,0.4304417441434107,0.32741303651515097,5.668668988076193,1.3696103896103897,16.133426498133932,101.84932628308198,15.939878185305233,460.8799279230749,28.91364178353346,3.5736644373242825,0,-6.106165528763086e-08,10.720431082998402,567210,E3_fleet_550
threshold_80,0,600,36,6,40.0,0.2,149106,0.9580298579534022,0.04197014204659772,6.573867995625006,6.513196310190445,9.762406352811377,34.011428571428574,0.32840494763690226,0.027061399907923254,0.4893639498524134,0.31579481483106475,2.055969627890103,0.9719047619047619,13.18526687055815,64.97185806792407,15.588958001711896,578.8315303374237,37.13086726347326,3.1428379753507327,0,-1.314765540882945e-07,10.521189166000113,571754,E3_fleet_600
threshold_80,1,600,36,6,40.0,0.2,149094,0.9569667458113673,0.04303325418863267,6.5364671150828,6.445589856914012,9.760253081249223,33.970952380952376,0.3278803273829666,0.024671955799168734,0.4927678620356741,0.315850505317898,2.1683039979266368,0.9730952380952381,9.430974293909317,44.18362443212282,15.597442753509993,587.583639052036,37.671793276484905,3.1580697962530295,0,-1.3220414984971285e-07,10.430696375027765,569519,E3_fleet_600
threshold_80,2,600,36,6,40.0,0.2,148774,0.9575396238590076,0.04246037614099238,6.546377747729315,6.457494799567697,9.759932262990235,33.91833333333334,0.3283464736230156,0.026243148230493705,0.4910416910899508,0.3145178596868058,2.1098099730847877,0.979047619047619,11.529103758841034,51.58591935345331,15.705351168536353,590.8073278683722,37.618218244745684,3.269362906158382,0,-1.315711415372789e-07,10.446159292012453,568423,E3_fleet_600
threshold_80,3,600,36,6,40.0,0.2,148559,0.9544759994345681,0.04552400056543192,6.578644347173483,6.500077990224236,9.761863405835175,33.76095238095238,0.326496224308456,0.02717767781973117,0.4936565986005507,0.3138144965993906,2.166432036784746,0.9702380952380952,13.334140886575664,56.76430122028288,15.564438491987096,570.4904491888309,36.653455213468284,3.2530397471851877,0,-1.3659882824867964e-07,10.433579041011399,568038,E3_fleet_600
orchestrated,0,600,36,6,40.0,0.2,149106,0.9772041366544606,0.022795863345539416,6.066148865245307,5.669273857491499,9.624487199033805,34.692142857142855,0.3358821367016325,0.03964542804862955,0.4654095735704238,0.32788575335973774,5.278303761949268,1.318095238095238,18.136944928031877,101.72256517159501,16.26631446097328,470.9065440388351,28.949799610025416,3.7018237408962364,0,-1.089138095267117e-07,10.731937167001888,563635,E3_fleet_600
orchestrated,1,600,36,6,40.0,0.2,149094,0.9777388761452507,0.022261123854749352,6.001400697208608,5.559767790393865,9.5967326299852,34.708333333333336,0.33618517823345456,0.0418894771339202,0.4636883490127988,0.32595646145705504,5.2363857734852015,1.305952380952381,20.98738885942816,113.25387472355865,16.23730303226181,468.00596139653163,28.82288767208773,3.6865576846856096,0,-1.0688745533116162e-07,10.64429966697935,561380,E3_fleet_600
orchestrated,2,600,36,6,40.0,0.2,148774,0.9791899122158442,0.020810087784155832,5.980688260145659,5.558175987612533,9.570567379089212,34.68523809523809,0.33680042933373794,0.04062666219595275,0.46409289187760994,0.3260732415931463,5.3234439372573865,1.3385714285714285,18.676183549886364,103.85405264562756,16.35800406295281,472.66041745726244,28.89474875041336,3.8509645899015323,0,-1.0551229934208095e-07,10.733091083995532,559623,E3_fleet_600
orchestrated,3,600,36,6,40.0,0.2,148559,0.9773625293654373,0.022637470634562697,5.983224988763288,5.549564920631625,9.59352592219099,34.57047619047619,0.3352381611888602,0.03810728241814062,0.4688996648139093,0.32606945682787464,5.2929323159625365,1.331904761904762,16.255691188443212,97.87352968824688,16.281742150682504,472.58449564185287,29.025425612826258,3.684892725045114,0,-1.08628228190355e-07,10.737261166010285,559636,E3_fleet_600
threshold_80,0,650,36,6,40.0,0.2,149106,0.9774187490778372,0.022581250922162757,6.128299498770366,5.756370471630847,9.638239883949863,32.03054945054945,0.3099258054443393,0.03467922205504432,0.5100127705256667,0.3146470422802517,2.1730499184668304,0.949010989010989,26.335424861915715,117.80428107585323,16.526697518344605,560.1406425522839,33.89307766603272,3.1597834088918484,0,-1.4929355529602617e-07,10.425126332993386,559811,E3_fleet_650
threshold_80,1,650,36,6,40.0,0.2,149094,0.9733657960749594,0.026634203925040578,6.1681054120770265,5.785201914179682,9.659337280102287,31.895164835164838,0.30869090856498843,0.03490601308325105,0.5123071625426451,0.3139555220800444,2.2050588834338187,0.9492307692307692,26.21282660545268,109.48672226111505,16.523538182369716,561.8996799975538,34.006014559102695,3.1541102662576526,0,-1.4323450159281492e-07,10.35822654198273,560757,E3_fleet_650
threshold_80,2,650,36,6,40.0,0.2,148774,0.9728581607001223,0.027141839299877665,6.117917045974384,5.744677626243599,9.626832637415404,31.81010989010989,0.3085723619520505,0.03507487222304664,0.512456573437114,0.3130708730901015,2.092999814837684,0.9454945054945055,26.466558459101474,104.13051182153019,16.47325829410997,572.6734946304393,34.76382658524812,3.1565542287111485,0,-1.4561919670086354e-07,10.343329416005872,557535,E3_fleet_650
threshold_80,3,650,36,6,40.0,0.2,148559,0.9754440996506438,0.024555900349356147,6.108911786513601,5.717645446552584,9.626490995325245,31.84857142857143,0.3087354553536858,0.0348766405661625,0.512169525534986,0.313319258279216,2.1681742142926232,0.9463736263736263,26.673993145340052,99.69496253947727,16.47328048830906,549.6495631802097,33.366126654025656,3.198291169886796,0,-1.4358920452650636e-07,10.374163041007705,558829,E3_fleet_650
orchestrated,0,650,36,6,40.0,0.2,149106,0.9870293616621733,0.012970638337826782,5.746926754982852,5.2762836548752,9.409478149479062,32.34549450549451,0.31342204724912326,0.029676382566392916,0.5085368903883087,0.32820738274694705,4.952729427900961,1.3883516483516483,6.8427833223483585,47.267342484656254,17.081454688953777,503.2446668934594,29.46146426386608,3.6687937458143374,0,-1.5083605831023306e-07,10.82869608301553,559465,E3_fleet_650
orchestrated,1,650,36,6,40.0,0.2,149094,0.9884099963781239,0.011590003621876132,5.69463549557704,5.220158572968406,9.372533476714185,32.38813186813187,0.3138396051510916,0.03269749636123763,0.5053911888385321,0.3277640217958593,5.078407673802117,1.354945054945055,10.179814071467252,73.15194719436616,17.090664405873824,500.96900335725957,29.31243581057525,3.728087809393854,0,-1.465177774662152e-07,11.0153543750057,558639,E3_fleet_650
orchestrated,2,650,36,6,40.0,0.2,148774,0.9878406173121648,0.01215938268783524,5.6601725101278575,5.220158572968406,9.297581845035891,32.3,0.3138832580945846,0.03232980033389063,0.5064904488797742,0.32581070047913224,5.062711865494478,1.3542857142857143,9.903037366916882,69.74318996512514,17.1144237911655,501.0240639576597,29.27495953537678,3.5489705400665716,0,-1.4531542547047138e-07,10.545679333998123,554907,E3_fleet_650
orchestrated,3,650,36,6,40.0,0.2,148559,0.9865036786731197,0.01349632132688023,5.684164682797806,5.223586868566539,9.3564262284354,32.20967032967033,0.3126668538198419,0.03174811973298551,0.5084210573577239,0.32713463464246234,5.088846345906868,1.3934065934065936,8.736197252760503,62.27506195237378,17.108365756055072,504.0945819635481,29.46480038779488,3.8134470481281975,0,-1.4648685464635491e-07,10.693379667005502,556933,E3_fleet_650
threshold_80,0,550,36,6,40.0,0.2,149106,0.9194465682132175,0.08055343178678255,6.866473855546747,7.113622155570193,9.830013100904178,35.60909090909091,0.342596097504812,0.053330479211214324,0.44411104570229715,0.31751761096054976,3.275370005921322,1.734805194805195,17.28510121289669,86.80323004534668,25.99157087552407,886.101023299134,34.09186107075829,3.2408801598079853,0,-7.357994036283344e-08,10.420938834024128,580596,E4_cold_minus5C
threshold_80,1,550,36,6,40.0,0.2,149094,0.9242223027083585,0.07577769729164152,6.902170002984458,7.190314462249322,9.829775723331476,35.79116883116883,0.3445961226172977,0.05151916929486813,0.4424914744319669,0.318469155102672,3.39136096495703,1.7384415584415585,15.625158650063046,69.60356344836764,26.053206168140353,881.3019823673134,33.827006805981135,3.2367630814784514,0,-7.342168828472495e-08,10.632018125004834,582485,E4_cold_minus5C
threshold_80,2,550,36,6,40.0,0.2,148774,0.9248121311519486,0.07518786884805141,6.8898795635406245,7.159588037010447,9.826249387422964,35.73714285714286,0.34449700379309184,0.052414208297279885,0.44241453670452746,0.3166117979884815,3.3084826712734943,1.7423376623376625,16.340104932058498,75.25750468013302,26.104028796621556,891.9113740510436,34.1675754727361,3.239140788415814,0,-7.354901754297316e-08,10.422298291989136,581205,E4_cold_minus5C
threshold_80,3,550,36,6,40.0,0.2,148559,0.9203144878465794,0.07968551215342053,6.8923883132708665,7.146429844195276,9.826917409568948,35.51194805194805,0.341941374263691,0.05330146361177739,0.44501439979964585,0.3174340610765568,3.324322065847349,1.7264935064935065,17.447517766660084,81.85812688245389,25.871717949776713,875.9238674600635,33.85642457761964,3.1278133136026773,0,-7.954076863825321e-08,10.539380040980177,580241,E4_cold_minus5C
threshold_100,0,550,36,6,40.0,0.2,149106,0.8980456856196263,0.1019543143803737,7.129263742436733,7.6389371901605045,9.853796277264095,34.780259740259744,0.333690031740071,0.0801325745488177,0.4296176643721463,0.3151199666795846,2.382804328263588,1.2574025974025975,48.29030650105901,158.5794484091457,24.884334329663183,850.5050782089862,34.17833352267526,2.2696056480504714,0,-7.754715625196695e-08,10.431094166007824,582071,E4_cold_minus5C
threshold_100,1,550,36,6,40.0,0.2,149094,0.8819469596362026,0.11805304036379734,7.251254492788251,7.823385869972117,9.864773217168112,34.15402597402598,0.3270009778940945,0.08067111904559564,0.43930191651199857,0.3147468503035279,2.477285806378824,1.2275324675324675,47.125633090103484,165.46104702965906,24.288916341013667,828.3772867658139,34.10515624227486,2.2197069793863697,0,-8.041934052016586e-08,10.585371916997246,582971,E4_cold_minus5C
threshold_100,2,550,36,6,40.0,0.2,148774,0.8954790487585196,0.10452095124148036,7.169644255639648,7.712216205503015,9.860895200955687,34.60363636363636,0.33255288811963424,0.08048267726263234,0.4315530466556906,0.31408984873474993,2.4404892556403324,1.2488311688311688,44.325881869941135,162.0830828548255,24.722619357387774,840.8456139323969,34.01118634628534,2.3559120930694717,0,-7.557719072792679e-08,10.619127999991179,583161,E4_cold_minus5C
threshold_100,3,550,36,6,40.0,0.2,148559,0.8906764315861039,0.10932356841389616,7.149428232318898,7.645779172905531,9.860424389165225,34.36831168831169,0.33015913114924406,0.08113045271857137,0.43438218935667783,0.3140708596317385,2.4240412170688983,1.2392207792207792,48.276231664412315,182.18875253504083,24.50234609970008,834.3420202897111,34.05151559343633,2.2781308841015906,0,-8.059214451350272e-08,10.599052667006617,578985,E4_cold_minus5C
queue_aware,0,550,36,6,40.0,0.2,149106,0.9214317331294515,0.07856826687054846,6.818397728086457,7.004021237889537,9.825343352580965,35.685974025974026,0.3432151375312083,0.051746661780283344,0.44466470264580227,0.32054573809443043,4.002691528536841,1.737922077922078,14.515437209870122,72.12310338731537,26.124429566134474,888.6538795280046,34.01620224006656,3.232464196143606,0,-7.211019692476839e-08,11.395996250008466,579978,E4_cold_minus5C
queue_aware,1,550,36,6,40.0,0.2,149094,0.9230015963083692,0.07699840369163079,6.879306667631116,7.12909229297414,9.824315689204159,35.743896103896105,0.3436975331557674,0.049028949103073025,0.4464636025774444,0.3205847345306529,4.025097372454588,1.7389610389610388,12.293553884023357,54.71404046245797,26.13129166531891,884.1244338041943,33.83393538780144,3.2809515351893688,0,-7.476410246454179e-08,11.451380332990084,580730,E4_cold_minus5C
queue_aware,2,550,36,6,40.0,0.2,148774,0.9230712355653542,0.07692876443464584,6.867590274911925,7.1072467818730125,9.827728229226002,35.66987012987013,0.34397592469663335,0.049820223494546775,0.44619439753716766,0.31849052636366754,3.936708014855973,1.7438961038961038,12.979547176856098,62.53406731041764,26.172434323360296,893.4776550799663,34.13811814526132,3.2348181713801165,0,-7.340167940128595e-08,11.264760666002985,579465,E4_cold_minus5C
queue_aware,3,550,36,6,40.0,0.2,148559,0.9204019951669034,0.07959800483309662,6.883511066990901,7.122366807557409,9.822615795952927,35.51532467532467,0.34190103695827995,0.04951334261403145,0.4489109386528399,0.3195133208447877,3.9006400926473965,1.7192207792207792,13.294128991517267,55.251383086035545,25.834875429890893,870.3717697782928,33.689799362116325,3.227893248513437,0,-7.98736436991021e-08,11.340932000020985,579671,E4_cold_minus5C
orchestrated,0,550,36,6,40.0,0.2,149106,0.9406864914892761,0.059313508510723915,6.46443134890492,6.342206892491716,9.756240662896355,36.43168831168831,0.35081416102248536,0.055810776890765676,0.4263251246800033,0.3359178247718108,7.100714567854041,2.28025974025974,11.135679406183748,51.95897079912553,26.699615712191427,925.3944255813128,34.65946609706313,3.5801607925315473,0,-5.5833879741840065e-08,11.96464720799122,573830,E4_cold_minus5C
orchestrated,1,550,36,6,40.0,0.2,149094,0.9372476424269253,0.06275235757307471,6.390125714598025,6.184634179739805,9.740021840248179,36.295584415584415,0.34964487075245027,0.06005402069234128,0.42444519210251247,0.3346589860382135,7.174637722762361,2.275324675324675,13.823508200953418,59.36811306756144,26.639913005216936,920.412445280069,34.55012954058158,3.5443020616491427,0,-5.635774869006127e-08,11.809816207998665,570484,E4_cold_minus5C
orchestrated,2,550,36,6,40.0,0.2,148774,0.9426176616881982,0.05738233831180179,6.371689224841639,6.174429420428351,9.729835644617559,36.425194805194806,0.35189343987045435,0.059247092863947616,0.42224964297504086,0.33419485240296204,7.246823920087329,2.3005194805194806,13.000419361301072,59.570629386955694,26.745706858001714,925.1382382201256,34.59015845540627,3.5716414761942694,0,-5.492802301887423e-08,12.098525125009473,568878,E4_cold_minus5C
orchestrated,3,550,36,6,40.0,0.2,148559,0.9366918194118162,0.06330818058818381,6.391060279841822,6.19740863248735,9.743763676009744,36.143896103896104,0.34906496911467494,0.05929662766393479,0.42655166507868003,0.33416726802045,7.13337295852837,2.2825974025974025,13.307973309623204,61.20226644103788,26.5748729389137,923.7040006891181,34.758548152323776,3.6155661786791167,0,-6.094160198699683e-08,12.362429667002289,568719,E4_cold_minus5C
threshold_80,0,550,36,6,40.0,0.2,149106,0.9282188510187384,0.07178114898126166,6.8181068186207465,6.979113898057646,9.812065867217363,35.94883116883117,0.34582972335143336,0.026587827407383163,0.4649655831947301,0.31422865131926514,2.2297507132966294,1.014025974025974,10.410185423271765,58.43320996339534,14.90929144693328,557.2558689172484,37.37641529784914,3.031587684899742,0,-8.163806342054158e-08,10.506012792000547,573399,E4_outage_biggest_depot
threshold_80,1,550,36,6,40.0,0.2,149094,0.9266368867962493,0.07336311320375065,6.939232322903732,7.229696565151486,9.835903822633554,35.88467532467532,0.34505787729315246,0.023270879594833937,0.46893899600478867,0.31499617368604277,2.2844389873312374,1.0277922077922077,5.229698826934675,28.718726785714964,15.086528701967268,532.9376322734323,35.32539809531783,3.2333902775500603,0,-8.170536602847278e-08,10.754427415988175,577696,E4_outage_biggest_depot
threshold_80,2,550,36,6,40.0,0.2,148774,0.9300885907483835,0.06991140925161654,6.867750431513962,7.10774200057834,9.820773568826455,35.94103896103896,0.34657236549152703,0.022846029905463146,0.46755561703418586,0.3141435867337429,2.3310080489840743,1.029090909090909,4.541923609064536,24.93426000523128,15.130229169368423,530.7873290608371,35.081248480719054,3.1669165161021353,0,-8.086317393463105e-08,10.573372040991671,574992,E4_outage_biggest_depot
threshold_80,3,550,36,6,40.0,0.2,148559,0.9254908824103555,0.07450911758964451,6.905721072469812,7.149179319966061,9.825332519766427,35.71168831168831,0.3439138399827953,0.0240769764730904,0.47004356103415634,0.31464816117767036,2.3174233954975567,1.0246753246753246,6.464106444450591,34.26443966195257,15.063532932302723,541.6203040501595,35.95572874466198,3.1929250722815463,0,-8.500501280650496e-08,10.588565916987136,574133,E4_outage_biggest_depot
threshold_100,0,550,36,6,40.0,0.2,149106,0.9216530521910588,0.07834694780894129,6.926534039591433,7.217620550573823,9.825766403915065,35.694545454545455,0.343374534484943,0.040847578533955216,0.4546178327943111,0.31110881811888813,1.6310678259615599,0.7412987012987013,40.877160394731284,223.4825902011144,14.393669975865217,488.9790549202179,33.97181231333776,2.0468569488142214,0,-7.876042218413204e-08,10.196056125016185,574552,E4_outage_biggest_depot
threshold_100,1,550,36,6,40.0,0.2,149094,0.920862006519377,0.07913799348062296,6.995737994836229,7.354123323840031,9.83568241762555,35.66103896103896,0.34290950069687737,0.03374517685093109,0.46185064102017076,0.31257504639334627,1.7345712738619792,0.7376623376623377,24.72237348555592,137.6906971836669,14.268928294203302,482.44383964187625,33.81079711766911,2.1622537507738837,0,-8.044116839300841e-08,10.543970250000712,577364,E4_outage_biggest_depot
threshold_100,2,550,36,6,40.0,0.2,148774,0.9252423138451611,0.07475768615483888,6.931511350542616,7.225954667089535,9.825949711494758,35.753766233766235,0.34490302239961207,0.03487076611936033,0.45832701099174883,0.31100318293676144,1.6256866501142084,0.7311688311688311,25.17854756306117,131.09338405996394,14.177410655274516,482.99063279036267,34.06761957696926,2.162737821524607,0,-7.794005796313286e-08,10.194025083008455,574259,E4_outage_biggest_depot
threshold_100,3,550,36,6,40.0,0.2,148559,0.9164103150936664,0.0835896849063335,7.0061489798242365,7.349370255887334,9.834322778563365,35.3612987012987,0.3404083818456317,0.03687600094551963,0.46338174903488755,0.3107574520819397,1.6923030040720426,0.7389610389610389,30.814622958613494,186.70256554481116,14.323607895546372,489.4895979689509,34.17362451824358,2.2144522174022034,0,-8.374991011805832e-08,10.2782516250154,574192,E4_outage_biggest_depot
queue_aware,0,550,36,6,40.0,0.2,149106,0.9317130095368396,0.06828699046316043,6.7754168521713165,6.90935299026581,9.807136800992739,36.084155844155845,0.3471940340985693,0.025398364205833333,0.46387750756257085,0.3154382106383793,2.463914862858347,1.0212987012987014,7.717624393551047,43.5068775191157,15.034514580579211,561.6274137088293,37.3558727618855,3.1762516261967857,0,-7.923517841845751e-08,10.556896124995546,573200,E4_outage_biggest_depot
queue_aware,1,550,36,6,40.0,0.2,149094,0.9292057359786443,0.07079426402135565,6.860834205507953,7.077160504164445,9.824752307034311,35.98415584415584,0.346113302905728,0.022321669602636124,0.46845178863381914,0.3155732709999921,2.5197406387220127,1.035064935064935,3.0703434323964918,17.33069654301128,15.214244571712593,541.3338545706702,35.580725156552084,3.2307324088316363,0,-8.04684532340616e-08,10.60421087499708,575887,E4_outage_biggest_depot
queue_aware,2,550,36,6,40.0,0.2,148774,0.9343971392850902,0.06560286071490987,6.853965003019807,7.082436937445891,9.816450001794195,36.107532467532465,0.34803703983461726,0.021935566913551963,0.4658029364244849,0.31542090093327674,2.478478402878069,1.0316883116883118,2.5692176577381507,14.323105040000467,15.167748634617876,528.4104588629549,34.83776475942814,3.100766045200276,0,-7.868584361858666e-08,10.452117833017837,576275,E4_outage_biggest_depot
queue_aware,3,550,36,6,40.0,0.2,148559,0.9301893523785163,0.06981064762148372,6.8474683816417405,7.025917123445349,9.815934115665732,35.892987012987014,0.34562462313877695,0.022530131836036648,0.4692594198808131,0.31503071144637446,2.487930415951834,1.0277922077922077,3.66837347146879,23.136354348268455,15.11519576703633,541.2569161175171,35.808792982880604,3.15372410654125,0,-8.287861419375986e-08,10.712176875007572,573629,E4_outage_biggest_depot
orchestrated,0,550,36,6,40.0,0.2,149106,0.9610947916247502,0.03890520837524982,6.4461223602842,6.303190308629807,9.746189347642067,37.22207792207792,0.3596252988375338,0.04171651101963164,0.42775327007569125,0.32807441777909424,5.420859616981751,1.341038961038961,19.292557934642524,106.18721224012556,15.96209428257861,460.0598847604537,28.822025269113556,3.508697443684399,0,-6.144910003058612e-08,10.904195791983511,571540,E4_outage_biggest_depot
orchestrated,1,550,36,6,40.0,0.2,149094,0.9623056595168149,0.0376943404831851,6.377881422262906,6.1656982061608385,9.73097244855829,37.265974025974025,0.36031513373698754,0.04100641303003154,0.4281441722185718,0.3269868965423789,5.574514968319867,1.3483116883116881,18.3050031937499,105.20827333741957,15.854366725675405,455.6083095333948,28.7370865968149,3.5605885080038404,0,-5.914080247748643e-08,10.969127624994144,568910,E4_outage_biggest_depot
orchestrated,2,550,36,6,40.0,0.2,148774,0.96410663153508,0.035893368464919945,6.365906371944404,6.165783799218964,9.719483206404934,37.255584415584416,0.36114988815724836,0.04120412203893543,0.426718308854298,0.3270600970114122,5.619158915616348,1.3877922077922078,17.628249548718447,103.01373518966813,15.938466592875114,461.3750381777285,28.947266381571144,3.654050928554489,0,-5.774199962615967e-08,10.729344834020594,567204,E4_outage_biggest_depot
orchestrated,3,550,36,6,40.0,0.2,148559,0.9629844035029853,0.037015596497014656,6.3641587721003585,6.155075211442696,9.72045886549798,37.15844155844156,0.35988643940484466,0.03961154316373961,0.4303362798534691,0.3270143350956605,5.644913678514577,1.3672727272727272,16.42490369275097,101.18353611811914,15.929034328647063,460.2617372977424,28.894516001512994,3.559106289786197,0,-6.054324330762029e-08,10.996921832993394,567122,E4_outage_biggest_depot
threshold_80,0,550,36,6,40.0,0.2,178926,0.8720253065513117,0.12797469344868828,7.438130476381088,8.102551685770838,9.886309244967196,40.526753246753245,0.3880948630836209,0.028967906126842878,0.4049316402962273,0.3080123117785559,2.354863485616715,1.0974025974025974,10.637680425737987,59.75704144437642,16.166494877516204,513.7607061918934,31.779350445742807,3.217132768742399,0,-3.723653207998723e-08,12.414732709003147,699525,E4_demand_plus20pct
threshold_80,1,550,36,6,40.0,0.2,178753,0.866200846978792,0.13379915302120804,7.500021649976652,8.174576213303467,9.891936479061043,40.21714285714285,0.38480875175198737,0.027523959638961145,0.4117613433037303,0.30772190444662106,2.445687380910013,1.0885714285714285,8.9732245423524,44.73208932337487,16.035540398088667,513.0197057379584,31.99266710082979,3.1386597120017745,0,-3.963214112445712e-08,12.63436641698354,698384,E4_demand_plus20pct
threshold_80,2,550,36,6,40.0,0.2,178755,0.8678414589801684,0.13215854101983163,7.475967792196502,8.154791340614127,9.890248168905964,40.293766233766235,0.38622756388469026,0.0264782123717833,0.41078726206084465,0.3072683707178433,2.448944679703662,1.0981818181818181,7.3143058530289435,39.99903586853751,16.167669000377884,521.7788582173619,32.2729799951475,3.1228107362009383,0,-3.8866346585564315e-08,12.476476958021522,698354,E4_demand_plus20pct
threshold_80,3,550,36,6,40.0,0.2,178489,0.870793158121789,0.129206841878211,7.4709246922191355,8.142501459535561,9.88629361789431,40.37064935064935,0.38698875763599383,0.027865290835423835,0.4079021627559045,0.30778487799884025,2.4614207509909454,1.0940259740259741,9.276479206280653,55.069545594775185,16.116112624845744,521.3176906253909,32.3476078109364,3.1449681722374523,0,-3.76439857063815e-08,12.422509708994767,698297,E4_demand_plus20pct
threshold_100,0,550,36,6,40.0,0.2,178926,0.8728804086605636,0.12711959133943643,7.444366447750023,8.099600190992836,9.88618023674935,40.5664935064935,0.389044807257208,0.04110511898560476,0.390726699566645,0.30746577429981814,1.907545193163737,0.8368831168831169,25.451248925691825,153.17893809202567,16.26367080390964,548.2036483417068,33.70725188374592,2.039953724958522,0,-3.174864104948938e-08,12.16501141601475,698715,E4_demand_plus20pct
threshold_100,1,550,36,6,40.0,0.2,178753,0.8571828165121704,0.14281718348782957,7.526496977919333,8.211710028209442,9.891359653580245,39.79844155844155,0.380928123769248,0.03840828836617255,0.40613727497594493,0.30647006487268824,1.9519400871444197,0.8200000000000001,21.223296123667527,116.97970192869647,15.91045054102487,536.0876272392791,33.694056988328825,2.0634835407019065,0,-4.0738086681813e-08,12.427100999979302,695667,E4_demand_plus20pct
threshold_100,2,550,36,6,40.0,0.2,178755,0.8566473665072306,0.14335263349276944,7.504064691899273,8.190351046344343,9.888678456974471,39.774025974025975,0.38104047673875313,0.04022570044113136,0.4041787319732263,0.30598625926427636,1.9253083078615425,0.8241558441558442,25.24982743077163,138.9876811018997,16.001209048409052,542.0277307979316,33.87417345515048,2.1175790837518735,0,-3.903551260009408e-08,12.509137082990492,695195,E4_demand_plus20pct
threshold_100,3,550,36,6,40.0,0.2,178489,0.8592742409896408,0.1407257590103592,7.532220276247563,8.21238992944515,9.891277500628107,39.83662337662338,0.38189865484357,0.0363826470714023,0.4066233685442054,0.30606774774878565,1.9154768729292073,0.8251948051948051,15.818867756070373,96.1104873409931,16.010093671610356,542.9793954655521,33.91481690256327,2.2578242018903327,0,-4.044886736664921e-08,12.447851999982959,695882,E4_demand_plus20pct
queue_aware,0,550,36,6,40.0,0.2,178926,0.8747079798352392,0.12529202016476085,7.432631956854333,8.088101305316377,9.885107748593581,40.651428571428575,0.3892654007274955,0.027704040811258858,0.4042744852331115,0.308992943683039,2.601622738808318,1.101038961038961,8.223516471579213,48.16646159652832,16.22525563358805,518.6652607606098,31.96653861569467,3.195668342621679,0,-3.576496965251863e-08,12.967938624991802,700110,E4_demand_plus20pct
queue_aware,1,550,36,6,40.0,0.2,178753,0.867873546178246,0.13212645382175403,7.509344823734879,8.183022962427154,9.889131801295006,40.29480519480519,0.38553042355894773,0.025664683854891106,0.4126368779976911,0.3083419488023251,2.6998320281707295,1.089090909090909,5.733911321273882,31.358205874593278,16.058625890281654,518.4686303847956,32.285989718370736,3.1818301187812748,0,-3.936474968213588e-08,12.821539041993674,698997,E4_demand_plus20pct
queue_aware,2,550,36,6,40.0,0.2,178755,0.868059634695533,0.131940365304467,7.469871157674139,8.135122844483218,9.890460819966101,40.3038961038961,0.3863270729705461,0.0260247413769218,0.4113310914182072,0.3079902781186218,2.7104448199164892,1.096103896103896,6.003800285155604,39.197040220429024,16.15713237420218,523.2621556046297,32.38583081983741,3.121615141885368,0,-3.833702066913247e-08,12.859575417009182,697513,E4_demand_plus20pct
queue_aware,3,550,36,6,40.0,0.2,178489,0.8758130753155656,0.12418692468443433,7.453143402970171,8.107535806901675,9.88566875323692,40.603376623376626,0.38912182837236725,0.025457038138857198,0.40702383020105615,0.30872914432193566,2.713498252093532,1.1002597402597403,5.191764484842094,29.15351842958262,16.21800052049774,526.4633104966796,32.46166565547269,3.279495605854588,0,-3.584500518627465e-08,12.954166042007273,698822,E4_demand_plus20pct
orchestrated,0,550,36,6,40.0,0.2,178926,0.9065982584979265,0.09340174150207348,7.177023740087006,7.685926998334374,9.862789335767497,42.133506493506495,0.40494256053052313,0.04255180021550362,0.3626255400482043,0.3246206563632266,5.846170202110229,1.4319480519480519,16.677425356553577,86.77703446051561,17.002449525835246,498.4250268085235,29.314895247956244,3.6055063822942732,0,-1.493026502430439e-08,13.696960999979638,701762,E4_demand_plus20pct
orchestrated,1,550,36,6,40.0,0.2,178753,0.9083204197971503,0.09167958020284975,7.169891912467996,7.674543576978612,9.857529690646915,42.17272727272727,0.40551189946401794,0.04379451679330207,0.3601834844296953,0.3247070463500542,5.752372668263486,1.4397402597402598,18.019582324970276,94.37917636856423,16.954607557645364,496.9471019729218,29.310445569637075,3.7005178739329656,0,-1.2540112948045135e-08,13.724061832996085,703082,E4_demand_plus20pct
orchestrated,2,550,36,6,40.0,0.2,178755,0.908673883248021,0.09132611675197896,7.209391890911008,7.739549872100179,9.86270921746737,42.18961038961039,0.40632691607172294,0.04234865540865928,0.3606507792335171,0.32398819330292344,5.7032971766398095,1.4607792207792207,17.153727437135533,87.16501480771436,17.194730916216795,504.9454927239163,29.36629221965254,3.7362304483439113,0,-1.3475073501467705e-08,13.583761916001095,704132,E4_demand_plus20pct
orchestrated,3,550,36,6,40.0,0.2,178489,0.9100280689566304,0.08997193104336962,7.156542335400118,7.639959425975879,9.858543151667934,42.18961038961039,0.406470092518739,0.0435721809078382,0.3596180566929723,0.32346196568915075,5.751167859840544,1.447012987012987,18.195080563400364,89.22165165149369,17.2472197514267,506.6355123718987,29.37490909686992,3.6303234723282523,0,-1.3842509360983968e-08,13.544244999997318,700441,E4_demand_plus20pct
queue_aware,0,550,36,6,40.0,0.2,149106,0.9329537376094859,0.06704626239051413,6.782501078158616,6.9200863042710505,9.809431937648721,36.132207792207794,0.3478952621815765,0.02389982043683798,0.46448484409888874,0.3152008212710512,2.450803663744135,1.0187012987012987,5.772242731192316,33.05050340468811,14.989368791819894,556.2985109113436,37.11287103796731,3.1762516261967857,0,-7.88022589404136e-08,10.401319791999413,573797,E5_pmedian_6
queue_aware,1,550,36,6,40.0,0.2,149094,0.9304063208445679,0.06959367915543214,6.8534549766738975,7.065941317829614,9.819346022200358,36.03064935064935,0.3466766006160843,0.021896576923529625,0.46815943098496254,0.3152833756484607,2.4818102299139824,1.0361038961038962,2.5017420852346777,14.351009451056012,15.2381421119986,543.1281124188224,35.64267273706289,3.1228297376034195,0,-8.023380360100418e-08,10.553862707980443,575657,E5_pmedian_6
queue_aware,2,550,36,6,40.0,0.2,148774,0.9334561146436877,0.06654388535631225,6.846427747672074,7.065499276730407,9.815130116324728,36.07116883116883,0.3479892464243249,0.021237570595621896,0.4669113779132499,0.314869489310639,2.45667546712703,1.0301298701298702,1.7698516510573432,10.660768172980655,15.150544623675918,529.2721945217519,34.934202543098856,3.141887535383952,0,-7.900234777480364e-08,10.483906417008257,575325,E5_pmedian_6
queue_aware,3,550,36,6,40.0,0.2,148559,0.9276045207627945,0.07239547923720542,6.876728004679877,7.090385307411392,9.820249501329574,35.793246753246756,0.34467061194735155,0.02185957394216791,0.4715698365799471,0.31471591995198656,2.5123700666981326,1.0244155844155844,2.8514982848497996,18.329920728269396,15.075515241432385,539.1167064503044,35.76107999072812,3.139534790694309,0,-8.352435543201864e-08,10.670700832997682,573820,E5_pmedian_6
orchestrated,0,550,36,6,40.0,0.2,149106,0.9602564618459352,0.039743538154064895,6.4438892732631645,6.294555498206076,9.74272345837824,37.18961038961039,0.3593754781421855,0.042670710411454024,0.4272321872311191,0.32826475678173733,5.51344515330222,1.345974025974026,20.107364367147035,112.96860430917792,15.964387321860963,460.69031379342545,28.857375137884276,3.54128529198801,0,-6.115260475780815e-08,10.712143292010296,571332,E5_pmedian_6
orchestrated,1,550,36,6,40.0,0.2,149094,0.9621044441761574,0.03789555582384268,6.365821776162219,6.14427246735019,9.729758682215518,37.25818181818182,0.3602152397737238,0.04060211119918317,0.42856921335840537,0.3273020495131856,5.59986564634349,1.3545454545454547,17.749942915359938,104.72755273918781,15.851910446671328,455.29193050176764,28.721581038036483,3.5605885080038404,0,-6.024674803484231e-08,10.76757933301269,568696,E5_pmedian_6
orchestrated,2,550,36,6,40.0,0.2,148774,0.9642746716496162,0.035725328350383806,6.367029661246232,6.174429420428351,9.720895595235245,37.26207792207792,0.36127860206794143,0.04114625046515393,0.42657961245554815,0.32696206551273993,5.576472489839362,1.3831168831168832,17.67868894823149,103.0225996343714,15.938516723239266,460.98833114894416,28.922912913018866,3.654050928554489,0,-5.882066034246236e-08,10.801159750000807,567415,E5_pmedian_6
orchestrated,3,550,36,6,40.0,0.2,148559,0.9629103588473267,0.037089641152673346,6.3608686909980285,6.150359166360189,9.715819019525272,37.155584415584414,0.35981346156266814,0.03941189185418702,0.4304417441434107,0.32741303651515097,5.668668988076193,1.3696103896103897,16.133426498133932,101.84932628308198,15.939878185305233,460.8799279230749,28.91364178353346,3.5736644373242825,0,-6.106165528763086e-08,10.614580708002904,567210,E5_pmedian_6
queue_aware,0,550,36,6,40.0,0.2,149106,0.9310758789049401,0.0689241210950599,6.749015665777977,6.8458342747374745,9.804862688534195,36.059480519480516,0.3468669239961581,0.02652975381969452,0.46356149041084266,0.317651780641264,3.239277090712914,1.0148051948051948,6.8915675847526305,32.864163386741,14.99558790442442,562.8656273825645,37.53541581497396,3.092201935258972,0,-7.769267540425062e-08,10.650466083025094,571026,E5_busiest_6
queue_aware,1,550,36,6,40.0,0.2,149094,0.9316873918467544,0.06831260815324561,6.855188838366059,7.060949791742314,9.821541385571084,36.08025974025974,0.3469498625944508,0.023467791656452817,0.4659862891981352,0.3186584369269026,3.3230892404201176,1.0324675324675325,1.9389108922440208,12.349330256147937,15.250535890309962,546.2151686871646,35.816129519371465,3.2074596896714707,0,-7.726885087322444e-08,10.845362958003534,575676,E5_busiest_6
queue_aware,2,550,36,6,40.0,0.2,148774,0.9373277588826004,0.06267224111739955,6.75317350765595,6.859344742156099,9.80209286678461,36.22077922077922,0.34953260105456097,0.023785664402248163,0.4622432336754904,0.3173780134784806,3.3109304046912613,1.0363636363636364,2.37195417737209,16.6216761857696,15.306715016774032,547.3558323114619,35.759196647460676,3.143260549740207,0,-7.483868103008717e-08,10.438365666981554,571772,E5_busiest_6
queue_aware,3,550,36,6,40.0,0.2,148559,0.9305663069891423,0.06943369301085764,6.801041450249346,6.926628445420647,9.812647083375051,35.90753246753247,0.3456981301985188,0.024763251526851878,0.4670321715681005,0.3177820367591093,3.3536092646784543,1.0314285714285714,3.67826510779864,25.955909573125247,15.235676223322361,549.4094172037653,36.06071756518061,3.1433042766918264,0,-8.053393685258925e-08,10.73062516702339,571641,E5_busiest_6
orchestrated,0,550,36,6,40.0,0.2,149106,0.96070580660738,0.03929419339262002,6.436876238052357,6.276198789882861,9.736556908233517,37.20701298701299,0.3596068639919986,0.04493502333391732,0.4238443642205634,0.3288421183073946,5.505398354359701,1.2911688311688312,22.803573811863757,114.24204099676984,15.902492477477066,454.74082234019494,28.59556908982985,3.5778374972077365,0,-5.9433659771457314e-08,11.045200416003354,570624,E5_busiest_6
orchestrated,1,550,36,6,40.0,0.2,149094,0.9613331187036366,0.03866688129636337,6.3835934698792185,6.172192258995104,9.728848913046628,37.22831168831169,0.3597968613645354,0.04307931958377509,0.4258950824843598,0.32802113448868164,5.539052141010898,1.2916883116883116,20.723539105361407,112.54667692158856,15.833749503402604,451.9648619492391,28.544398902617083,3.7371062010582685,0,-5.910624167881906e-08,10.857172457996057,568349,E5_busiest_6
orchestrated,2,550,36,6,40.0,0.2,148774,0.9633874198448653,0.03661258015513463,6.370140459648146,6.163161940767895,9.716151740737647,37.22779220779221,0.3608832475297762,0.04406038803343867,0.42313755258583774,0.3283343302414529,5.663749068351757,1.331948051948052,20.62717693183877,114.67379282979654,15.950708934059167,457.8769422241007,28.705742429191154,3.5304206990642495,0,-5.623041943181306e-08,11.136343999998644,567188,E5_busiest_6
orchestrated,3,550,36,6,40.0,0.2,148559,0.962748806871344,0.037251193128655956,6.3596706552682365,6.140095236550163,9.71235075839407,37.14935064935065,0.3597035866813534,0.04225033915631187,0.42688963425957654,0.32790264439943545,5.574300059499684,1.3002597402597402,19.53204733701988,109.42184092823858,15.916364208190133,456.3375782030104,28.67096858516164,3.556513917855139,0,-5.8849764172919095e-08,11.156462957995245,566643,E5_busiest_6
queue_aware,0,550,36,1,40.0,0.2,149106,0.9300028167880569,0.06999718321194318,6.759608835854362,6.859344742156099,9.806649201605179,36.01792207792208,0.3463382719500087,0.02969359032535503,0.4604602060741636,0.3225926869688689,4.3178653448864335,1.0176623376623377,7.8163665141159795,42.53767482055045,15.121475543267072,573.6600607440054,37.9367780017626,3.1955793074148433,0,-7.66485754866153e-08,11.056822124985047,571737,E5_pmedian_1
queue_aware,1,550,36,1,40.0,0.2,149094,0.9320428722819161,0.06795712771808389,6.826692991782546,6.996816918647528,9.814727079741376,36.094025974025975,0.3471573004717886,0.02673800886400346,0.46193668643187674,0.3234696403148014,4.533139922852351,1.0353246753246752,2.8429966491695478,17.39136943678932,15.379629789630645,563.8996551900273,36.66535949845967,3.222371905572642,0,-7.445305527653545e-08,10.949605834000977,574916,E5_pmedian_1
queue_aware,2,550,36,1,40.0,0.2,148774,0.9351432373936306,0.0648567626063694,6.788698962809371,6.928364507796747,9.809510793734807,36.13636363636364,0.3485933829221597,0.026729878791856666,0.46000252314977097,0.32260474216719015,4.506045944952441,1.0311688311688312,2.8400553382856026,19.57126824520202,15.327433651671189,547.9716673778292,35.75103829061968,3.2524407489410527,0,-7.467679097317159e-08,10.960219833010342,572481,E5_pmedian_1
queue_aware,3,550,36,1,40.0,0.2,148559,0.9345849123917097,0.0654150876082903,6.789419065529824,6.913655119350491,9.805086097749882,36.062597402597405,0.34749756007609955,0.02739491275535021,0.4609825730038051,0.3232500096167976,4.551378169631172,1.0316883116883118,3.8451333794679576,25.522630526407497,15.32296607043548,569.513607085637,37.16732155300344,3.1999815349024283,0,-7.584640115965158e-08,10.906891624996206,572769,E5_pmedian_1
orchestrated,0,550,36,1,40.0,0.2,149106,0.9605985003956916,0.039401499604308346,6.44465371543438,6.2881608086424725,9.75134168676353,37.20285714285715,0.35953675889016096,0.047386347093339706,0.41935830689735776,0.33553467774259604,6.509878199397934,1.277922077922078,23.859382528378642,120.25471147917433,16.033057412086354,457.41113562441524,28.529252023983933,3.5526708643785705,0,-5.703986971639097e-08,11.183841332996963,571909,E5_pmedian_1
orchestrated,1,550,36,1,40.0,0.2,149094,0.9607093511475981,0.03929064885240184,6.3899527831287,6.18121931910185,9.728842363991378,37.20415584415584,0.35962656051565844,0.04609122596942127,0.4211537802101227,0.334573848292047,6.586853711012571,1.2722077922077923,22.546867904866346,115.00709126507873,15.941927690033888,453.08158536259873,28.420752757889073,3.768112885986998,0,-5.562833393923938e-08,11.060204792011064,569534,E5_pmedian_1
orchestrated,2,550,36,1,40.0,0.2,148774,0.9637033352601934,0.03629666473980669,6.364849056718061,6.1656412602266455,9.714667161194036,37.24,0.36099185780381454,0.04520992847050466,0.42001057401019115,0.3344867364408968,6.643373354479943,1.3161038961038962,20.335423734844856,114.70957530954759,16.048540298192712,458.20217963275707,28.551019040925294,3.5606732196216693,0,-5.457513907458633e-08,10.865564457984874,567770,E5_pmedian_1
orchestrated,3,550,36,1,40.0,0.2,148559,0.9621901062877375,0.03780989371226247,6.349031195711427,6.133110374988367,9.715164558094983,37.127792207792204,0.3595719826678764,0.04403715842458858,0.423406843510896,0.3344438424005962,6.622918982659405,1.292987012987013,19.655763587401747,113.36427375942552,16.03222594308185,458.41487807938023,28.593339421915598,3.7080974881513677,0,-5.7558281696401536e-08,10.947951707988977,566562,E5_pmedian_1
queue_aware,0,550,36,3,40.0,0.2,149106,0.9326921787184955,0.06730782128150443,6.779706992420959,6.909494418546577,9.811361098757041,36.12207792207792,0.34764443170922327,0.02606323261622342,0.46268145173998804,0.3180751165141091,3.214825761276417,1.0223376623376623,7.412479684136381,38.05218926434015,15.099828972889053,570.7058090105139,37.795514772729284,3.1998324086222274,0,-7.860580808483064e-08,10.801307042012922,573700,E5_pmedian_3
queue_aware,1,550,36,3,40.0,0.2,149094,0.9316538559566448,0.06834614404335519,6.850284144675792,7.048477330208213,9.816917845433297,36.07896103896104,0.34708841977251215,0.022565597102667048,0.46673772118060386,0.31856497376437065,3.322215838175413,1.0355844155844156,1.9877171926033232,11.075765594768628,15.294188484349819,552.4041071322265,36.118562792493925,3.2511383259367017,0,-7.779271982144564e-08,10.72685683297459,575853,E5_pmedian_3
queue_aware,2,550,36,3,40.0,0.2,148774,0.9356809657601463,0.06431903423985373,6.822106005818625,6.993013125930641,9.812539341781132,36.15714285714286,0.3486578081938495,0.023000459746731067,0.4638758962242181,0.31791504959959593,3.251727072199629,1.0381818181818183,2.5755570292091097,16.7262032974713,15.32463740336701,535.2826916252953,34.92955020963088,3.095494525047891,0,-7.783091859892011e-08,10.70320950000314,574186,E5_pmedian_3
queue_aware,3,550,36,3,40.0,0.2,148559,0.9295768011362489,0.0704231988637511,6.829884704446768,6.972602785450484,9.811062288025083,35.86935064935065,0.34551022724534447,0.02369340259913504,0.46824173383804274,0.31777376468072877,3.2657376063487003,1.0262337662337662,4.004976941485968,24.99278107525752,15.154629304568372,554.9698857508154,36.62048570092831,3.244972676543375,0,-8.244205673690885e-08,11.391808083979413,571830,E5_pmedian_3
orchestrated,0,550,36,3,40.0,0.2,149106,0.9610612584335976,0.038938741566402424,6.415983145479227,6.245587310811485,9.746147699136976,37.22077922077922,0.35963338669321154,0.041359774523327036,0.42743501982723286,0.3301203961049701,5.745145049816399,1.3490909090909091,18.5451057592481,105.95208609812506,15.871613422510071,453.3548214395,28.563877494428198,3.5790405594184818,0,-6.104892236180604e-08,11.699814416992012,571234,E5_pmedian_3
orchestrated,1,550,36,3,40.0,0.2,149094,0.9605819147651817,0.0394180852348183,6.373654062134653,6.144272467350432,9.73484528866383,37.199220779220774,0.359651164099421,0.04103525255732403,0.4283554556402406,0.32908952928872004,5.830113856209846,1.3599999999999999,17.95679752651081,107.86376714809207,15.80390966986115,451.00203614738336,28.537371167557794,3.5807126501567064,0,-6.024674803484231e-08,11.719306999992114,569227,E5_pmedian_3
orchestrated,2,550,36,3,40.0,0.2,148774,0.9648997808756906,0.035100219124309356,6.353664155914277,6.14236417505114,9.713366919232355,37.286233766233764,0.36138125946784383,0.04135350163270479,0.42521428452794524,0.32922846881444034,5.783527725582512,1.4015584415584414,17.407172300205964,99.52197495354122,15.995243573968066,458.4337174636447,28.660627476141485,3.7298549431295203,0,-5.672336556017399e-08,11.639300415990874,568083,E5_pmedian_3
orchestrated,3,550,36,3,40.0,0.2,148559,0.9627286128743462,0.03727138712565378,6.337686393840327,6.10706688000743,9.71407948128588,37.14857142857143,0.3597449814959066,0.039551335201503064,0.42971942053987566,0.32875236799547214,5.824443459580186,1.363116883116883,16.299279946119842,97.78650442394314,15.904445227260926,454.78580625446335,28.594886508517774,3.827712482385058,0,-6.028676580172032e-08,11.474746874999255,567249,E5_pmedian_3
queue_aware,0,550,36,12,40.0,0.2,149106,0.9292382600297775,0.07076173997022253,6.851477188710156,7.045118722774108,9.820730267683976,35.98831168831169,0.34635156650209087,0.022155392257535177,0.4686922359983622,0.3135671603934342,2.1031498668377338,1.017922077922078,4.059307788002881,22.071120376987373,14.953103208446434,546.2464195774728,36.530639290239044,3.1733924075994806,0,-8.164352038875222e-08,11.855787040985888,574772,E5_pmedian_12
queue_aware,1,550,36,12,40.0,0.2,149094,0.9295813379478718,0.07041866205212818,6.91943228753068,7.192513440171024,9.822869846668812,35.9987012987013,0.34628697714815304,0.02063557474565748,0.46944142022216795,0.3146486137517277,2.0899613092668963,1.034025974025974,1.7620939202456467,12.259859890662483,15.168743831543102,538.2250859058694,35.482508761644524,3.093499325155798,0,-7.997732609510422e-08,11.98821445798967,577604,E5_pmedian_12
queue_aware,2,550,36,12,40.0,0.2,148774,0.9305927110919919,0.06940728890800812,6.87665660962946,7.1157644158200135,9.820286823571369,35.96051948051948,0.34698745161873307,0.020344613111665164,0.4694193813246256,0.31287396975661597,2.016158761077976,1.028051948051948,1.565158695151757,10.167889302686111,15.088853450092754,523.8420153487131,34.71715177573634,3.2769989937439856,0,-8.05357558419928e-08,11.90841608401388,575200,E5_pmedian_12
queue_aware,3,550,36,12,40.0,0.2,148559,0.9234714827105729,0.0765285172894271,6.913700878496956,7.16196469564214,9.821489484063301,35.63376623376623,0.3430539677707643,0.021935495884841578,0.4735898396232201,0.31391049993792053,2.1875285121316277,1.0246753246753246,3.5114390552470867,21.004131760734747,15.043691260707257,530.7966855395214,35.283673158456374,3.19727564511986,0,-8.5601641330868e-08,11.85032270802185,573471,E5_pmedian_12
orchestrated,0,550,36,12,40.0,0.2,149106,0.961041138518906,0.03895886148109399,6.458638859129803,6.325439150089126,9.753653598734914,37.220000000000006,0.359699717153987,0.038106510512663054,0.4320206338192747,0.3258431059561918,5.157045232123198,1.3124675324675326,16.442948676083144,92.56889839397022,15.97436698462663,473.23887825189297,29.624890845898765,3.4647516002760153,0,-6.283153197728097e-08,11.900796583009651,570653,E5_pmedian_12
orchestrated,1,550,36,12,40.0,0.2,149094,0.9618495714113244,0.0381504285886756,6.402466090656806,6.206948230098108,9.740021840248179,37.24831168831169,0.3600324131610617,0.03613204844137813,0.4340989262466755,0.32465285640225333,5.163957915031004,1.3314285714285714,14.078544340872513,84.63841811108298,15.912478203543609,471.7195105002813,29.644628854557197,3.46572640345838,0,-6.139089236967266e-08,12.1898202910088,568309,E5_pmedian_12
orchestrated,2,550,36,12,40.0,0.2,148774,0.9646174734832699,0.03538252651673007,6.375396346643625,6.176622623294437,9.721652007357067,37.275324675324676,0.361423998346691,0.0366805159272438,0.431541045500663,0.3247245664436213,5.266473992518501,1.338961038961039,14.250627761561246,85.02193764599477,16.00446750056957,474.4493323157143,29.644805883034188,3.6202072744555402,0,-6.001937435939908e-08,12.28744433299289,566383,E5_pmedian_12
orchestrated,3,550,36,12,40.0,0.2,148559,0.9630853734879745,0.036914626512025525,6.379121430766663,6.180488116140865,9.727530498585548,37.16233766233766,0.359720709759574,0.03641623083127945,0.4342061393770189,0.32500097038804965,5.258162658611025,1.3392207792207793,14.160155506436196,84.9360466698067,15.948949474665863,473.11224308355776,29.66416338800708,3.6477540075146617,0,-6.243135430850089e-08,12.421095084020635,566752,E5_pmedian_12
threshold_80,0,550,36,6,40.0,0.2,149106,0.933510388582619,0.06648961141738093,6.764102015500208,6.880201703722317,9.810455257915017,36.153766233766234,0.3480481974320202,0.0256824955891442,0.4626250726146767,0.31423705334581087,2.2238391765829375,1.0187012987012987,9.119329601968763,49.85094676632369,14.979363348627688,562.5902066374334,37.55768476561951,3.121945794290015,0,-7.922608347143978e-08,12.128945708012907,573059,E6_battery_40
threshold_80,1,550,36,6,40.0,0.2,149094,0.9303660777764363,0.06963392222356365,6.8877273587174335,7.127875310387269,9.824241314344738,36.02909090909091,0.34678945496485536,0.02249966373454023,0.46740483101728647,0.3148682694968953,2.3367774488584243,1.0376623376623377,3.9242404961234905,23.792742105313895,15.242963053006678,541.8031665454126,35.54447810844374,3.2333902775500594,0,-7.905327947810292e-08,12.62727641701349,576536,E6_battery_40
threshold_80,2,550,36,6,40.0,0.2,148774,0.933294796133733,0.06670520386626695,6.862900601958118,7.091133448725062,9.817645691232174,36.064935064935064,0.3479044331923443,0.022399731303877422,0.4659119953667815,0.3141716880344467,2.2985515398670944,1.0311688311688312,3.95474418990074,23.90343364664078,15.167328810901788,531.6121856788518,35.04982270159174,3.1669165161021353,0,-7.92824721429497e-08,12.491888832999393,575270,E6_battery_40
threshold_80,3,550,36,6,40.0,0.2,148559,0.9283853553133772,0.07161464468662282,6.896080826144891,7.1271556100303615,9.820897138110256,35.823376623376625,0.34482466142397006,0.023016680458863303,0.4695816943361268,0.31483916591288347,2.3257450293219213,1.0254545454545454,5.004482401818944,28.429833397991796,15.07726602088358,539.2648239605827,35.766751293878144,3.1929250722815463,0,-8.318420441355556e-08,12.494907583022723,574673,E6_battery_40
orchestrated,0,550,36,6,40.0,0.2,149106,0.9602564618459352,0.039743538154064895,6.4438892732631645,6.294555498206076,9.74272345837824,37.18961038961039,0.3593754781421855,0.042670710411454024,0.4272321872311191,0.32826475678173733,5.51344515330222,1.345974025974026,20.107364367147035,112.96860430917792,15.964387321860963,460.69031379342545,28.857375137884276,3.54128529198801,0,-6.115260475780815e-08,12.959994542005006,571332,E6_battery_40
orchestrated,1,550,36,6,40.0,0.2,149094,0.9621044441761574,0.03789555582384268,6.365821776162219,6.14427246735019,9.729758682215518,37.25818181818182,0.3602152397737238,0.04060211119918317,0.42856921335840537,0.3273020495131856,5.59986564634349,1.3545454545454547,17.749942915359938,104.72755273918781,15.851910446671328,455.29193050176764,28.721581038036483,3.5605885080038404,0,-6.024674803484231e-08,15.33191545799491,568696,E6_battery_40
orchestrated,2,550,36,6,40.0,0.2,148774,0.9642746716496162,0.035725328350383806,6.367029661246232,6.174429420428351,9.720895595235245,37.26207792207792,0.36127860206794143,0.04114625046515393,0.42657961245554815,0.32696206551273993,5.576472489839362,1.3831168831168832,17.67868894823149,103.0225996343714,15.938516723239266,460.98833114894416,28.922912913018866,3.654050928554489,0,-5.882066034246236e-08,16.79553320800187,567415,E6_battery_40
orchestrated,3,550,36,6,40.0,0.2,148559,0.9629103588473267,0.037089641152673346,6.3608686909980285,6.150359166360189,9.715819019525272,37.155584415584414,0.35981346156266814,0.03941189185418702,0.4304417441434107,0.32741303651515097,5.668668988076193,1.3696103896103897,16.133426498133932,101.84932628308198,15.939878185305233,460.8799279230749,28.91364178353346,3.5736644373242825,0,-6.106165528763086e-08,16.265289000002667,567210,E6_battery_40
threshold_80,0,550,36,6,60.0,0.2,149106,0.9331415234799404,0.06685847652005955,6.906627817631917,7.161729872545887,9.826139970528311,36.13948051948052,0.34790270791948547,0.013967072849171636,0.4747133806216236,0.3114848065835499,1.7504480505469961,0.7220779220779221,0.7589437247039291,5.804166391546638,15.756731114459258,526.9337255510696,33.441817450798894,4.606600966209595,0,-8.363349479623139e-08,15.844124582974473,572958,E6_battery_60
threshold_80,1,550,36,6,60.0,0.2,149094,0.9217875970864019,0.07821240291359813,7.024574555174495,7.394795824566972,9.836587473337033,35.696883116883114,0.3432943612603771,0.014102962187923238,0.4811709961832548,0.31224006708927887,1.8328903775786496,0.723116883116883,0.7969382453270295,6.130198535365486,15.820932190568314,526.3422011881803,33.268722401955586,3.9348617765191904,0,-8.885217539500445e-08,15.839843083987944,574813,E6_battery_60
threshold_80,2,550,36,6,60.0,0.2,148774,0.9377713847849759,0.06222861521502413,6.873164445990002,7.097850244600947,9.812630127053126,36.23792207792208,0.3501235668320115,0.01379926544096202,0.4718426961429153,0.31104089938688834,1.7815840233182259,0.717922077922078,0.4271261788588997,1.2571664779512912,15.694178888662474,524.6862550101536,33.4319022825201,3.8674142679275225,0,-8.198549039661884e-08,15.123272208002163,571717,E6_battery_60
threshold_80,3,550,36,6,60.0,0.2,148559,0.9237407360038773,0.07625926399612275,7.008682297694739,7.349216655631123,9.831708850851719,35.64415584415584,0.34349021670450897,0.014288883865454467,0.48165608355489,0.31008527170053607,1.7776240038328621,0.7124675324675325,1.637995501428578,8.379334423601954,15.57775939098613,519.2689688600574,33.333995976374226,4.251317600174842,0,-9.078758012037724e-08,12.589158124988899,571369,E6_battery_60
orchestrated,0,550,36,6,60.0,0.2,149106,0.9652126674982898,0.03478733250171019,6.4308521651171136,6.276748228763851,9.740851013995707,37.38155844155845,0.3611087454316277,0.0175583607159131,0.4488174422025672,0.32555315668183127,4.078629810641341,1.085974025974026,0.013807757468046765,0.0,16.135455266111844,465.78187536640723,28.866980676067815,3.566656354117228,0,-6.05396053288132e-08,10.78983533300925,571176,E6_battery_60
orchestrated,1,550,36,6,60.0,0.2,149094,0.9659275356486512,0.034072464351348815,6.37735644870975,6.165835835424756,9.726609045321553,37.40623376623376,0.3613326276673085,0.017682186832857452,0.448915502879797,0.3247845108547777,4.214927314446291,1.0937662337662337,0.012663555745006926,0.0,16.113518864665885,466.02734837419456,28.921513189531225,4.306626705595197,0,-5.97465259488672e-08,10.813966833986342,568279,E6_battery_60
orchestrated,2,550,36,6,60.0,0.2,148774,0.9680589350289701,0.03194106497102989,6.366205446619621,6.162455245498373,9.719969403122981,37.40831168831169,0.3622757732162542,0.017844645954712697,0.44756884168901967,0.3244087964278071,4.27108491089492,1.1083116883116884,0.023439160687334648,0.0,16.173534970605747,468.15834382519694,28.945950571476278,3.4673716961451833,0,-5.8265868574380875e-08,10.686774707981385,567219,E6_battery_60
orchestrated,3,550,36,6,60.0,0.2,148559,0.9666058602979287,0.03339413970207123,6.364734140352248,6.1608501890286185,9.717499442777818,37.29818181818182,0.36093538918272955,0.01769329012674045,0.4495620420155509,0.3247714351085276,4.24184165481296,1.0981818181818181,0.027954104105983875,0.0,16.0619360492229,464.7729882845448,28.936299264311362,3.1909683774093525,0,-6.167101673781872e-08,10.63636408399907,566540,E6_battery_60
threshold_80,0,550,36,6,75.0,0.2,149106,0.9269580030314005,0.07304199696859952,7.007302959767543,7.366810115574723,9.829957712714723,35.9,0.34542912736851245,0.011893585160664836,0.48067401671108895,0.3097021618737677,1.4021366811737743,0.5740259740259741,0.2786033486446669,0.33324388592644383,15.643730173127986,523.1786624163714,33.44334481778913,4.300234534953347,0,-8.978167898021638e-08,10.772875124996062,573546,E6_battery_75
threshold_80,1,550,36,6,75.0,0.2,149094,0.9064415737722511,0.09355842622774893,7.197025678139454,7.676595189771615,9.852414587031236,35.102597402597404,0.33703838425085947,0.01211807481905067,0.49290882366244937,0.31009137925169467,1.5116364782174674,0.5771428571428572,0.5040844978188388,2.229441242147112,15.723912480900164,534.3391270629143,33.98258084379292,4.246402749534277,0,-9.903305908665061e-08,11.067690541996853,576131,E6_battery_75
threshold_80,2,550,36,6,75.0,0.2,148774,0.9238643849059648,0.07613561509403524,7.0520222959755525,7.441203644648582,9.838050011102558,35.70051948051948,0.3444455882034669,0.011890569158531764,0.482299036601702,0.30934461016489884,1.4295329072298926,0.5709090909090909,0.4159134956983887,0.0,15.558176487818939,522.8912496652657,33.60877478634185,4.238605928462745,0,-9.193536243401468e-08,10.679503666004166,573529,E6_battery_75
threshold_80,3,550,36,6,75.0,0.2,148559,0.91538715257911,0.08461284742089002,7.105962441322411,7.500507740410588,9.8400118038295,35.32181818181818,0.34011143487576756,0.012268796022229403,0.48851011394295385,0.3091435251728928,1.3766386570184785,0.5698701298701299,1.4417358068170536,8.315769900177765,15.54245695522354,518.3733829291083,33.35208740950653,4.86740515449728,0,-9.737414075061679e-08,10.795000666985288,570803,E6_battery_75
orchestrated,0,550,36,6,75.0,0.2,149106,0.9644816439311631,0.03551835606883694,6.4477630913064505,6.3104413371707775,9.744464905663092,37.35324675324676,0.3607840082246042,0.0166623667876725,0.45006742901649704,0.3259770691841461,4.153226982614657,1.0862337662337662,0.005090861688089581,0.0,16.191695317284058,460.1744388303682,28.42039884107431,4.139569467700901,0,-6.09761627856642e-08,10.664823833998526,571773,E6_battery_75
orchestrated,1,550,36,6,75.0,0.2,149094,0.9655452265014018,0.0344547734985982,6.384198204539503,6.172192258995104,9.734790240990113,37.39142857142857,0.3613016710348507,0.0167944053379703,0.4497674383171879,0.3253206388378617,4.29585201672988,1.0958441558441558,0.010581337604035788,0.0,16.159025868345648,459.7754327700655,28.453165216520386,4.823375807073664,0,-6.029949872754514e-08,10.66134887500084,568509,E6_battery_75
orchestrated,2,550,36,6,75.0,0.2,148774,0.968072378238133,0.031927621761866996,6.364236741313674,6.167382112903094,9.716442894795934,37.40883116883117,0.3625258710285591,0.016712352767810357,0.4482224538415452,0.32416871297589767,4.151428500777324,1.1015584415584416,-2.2874974814692843e-16,0.0,16.200665529154737,460.5660948653867,28.428837941043312,3.791225804274095,0,-6.029949872754514e-08,9.60766366601456,567217,E6_battery_75
orchestrated,3,550,36,6,75.0,0.2,148559,0.966430845657281,0.03356915434271905,6.3723204326447975,6.1676252746561655,9.723443992806812,37.291428571428575,0.3608935428407889,0.016719853983949748,0.4507022460568112,0.32468960073744346,4.244837800645505,1.0974025974025974,0.003560735233656303,0.0,16.102711181649386,459.35141737756595,28.526340204191317,3.5002571075037934,0,-6.158006726764143e-08,8.941751459002262,566812,E6_battery_75
threshold_80,0,2750,180,6,40.0,1.0,745473,0.9401668470890294,0.05983315291097062,6.946221040539942,7.264169230333452,9.901532980986037,36.408779220779216,0.35105991404929493,0.028736188422293203,0.4617673222230352,0.30488669868051266,2.352474217387382,1.0360519480519481,12.486072613290547,59.64480936787241,76.27331664771509,2714.6399485663997,35.59095195905214,15.214884930330895,0,-2.689936081878841e-06,62.77633095800411,2920867,E7_full_scale
orchestrated,0,2750,180,6,40.0,1.0,745473,0.9736824807873659,0.026317519212634127,6.248193644383265,5.80989236436241,9.801169718866149,37.706701298701304,0.3654743358072321,0.04227493249096362,0.42502324134538194,0.3174142649326439,5.061981576307554,1.419896103896104,19.186884182822233,108.9495739674708,78.59656193487409,2231.212458404622,28.38816868673501,18.91368884981281,0,-2.224878699053079e-06,66.63050270799431,2855587,E7_full_scale
