,sessions,energy_kwh,users,mean_energy,mean_connected_h,mean_idle_h,temp_c,precip_mm,holiday,dow,stations
2015-01-01,21,180.642009,18,8.60200042857143,2.208201058201058,0.31837301587301586,8.09047619047619,0.0,True,3,22
2015-01-02,35,248.661405,33,7.104611571428571,2.527619047619048,0.4664761904761905,8.497142857142858,0.0,False,4,22
2015-01-03,33,275.769846,30,8.356662,2.138190235690236,0.15825757575757576,10.342424242424244,0.0,False,5,22
2015-01-04,41,348.513505,39,8.500329390243902,2.2894376693766936,0.4271138211382114,11.214634146341464,0.0,False,6,22
2015-01-05,51,380.582562,41,7.4624031764705885,2.5181427015250546,0.38071895424836605,10.113725490196078,0.0,False,0,22
2015-01-06,50,419.456326,40,8.38912652,2.6577499999999996,0.3768444444444444,13.847999999999999,0.0,False,1,22
2015-01-07,51,365.117264,44,7.159162039215686,2.2210729847494552,0.28116557734204795,15.417647058823528,0.0,False,2,22
2015-01-08,59,404.213717,42,6.851079949152542,2.3019114877589453,0.40229755178907717,13.830508474576272,0.0,False,3,22
2015-01-09,49,405.491986,45,8.275346653061224,3.1385374149659864,0.7626360544217686,14.3,0.0,False,4,22
2015-01-10,44,378.05080399999997,39,8.592063727272727,2.678945707070707,0.6833775252525253,14.004545454545456,0.0,False,5,22
2015-01-11,38,277.278641,37,7.296806342105263,1.8374561403508773,0.21299707602339182,13.507894736842104,0.0,False,6,22
2015-01-12,40,281.755611,34,7.043890275,3.1738472222222223,0.8246319444444443,12.575,0.0,False,0,22
2015-01-13,39,281.226786,35,7.210943230769231,2.5338675213675215,0.6216310541310541,12.597435897435897,0.0,False,1,22
2015-01-14,50,407.360996,44,8.14721992,2.407877777777778,0.19558888888888887,11.432,0.0,False,2,22
2015-01-15,54,413.033775,44,7.648773611111111,2.6276388888888893,0.4314814814814815,12.694444444444445,0.0,False,3,22
2015-01-16,48,335.911673,46,6.9981598541666665,2.5855671296296294,0.5964178240740741,13.395833333333334,0.0,False,4,22
2015-01-17,50,369.955098,47,7.39910196,2.313438888888889,0.6433944444444444,14.636,0.0,False,5,22
2015-01-18,36,334.688453,35,9.296901472222222,2.8179552469135802,0.26962962962962966,15.347222222222221,0.0,False,6,22
2015-01-19,35,278.880772,32,7.968022057142856,2.384920634920635,0.3322063492063492,14.24,0.0,True,0,22
2015-01-20,46,332.926097,42,7.237523847826088,2.461564009661836,0.4079951690821257,11.893478260869566,0.0,False,1,22
2015-01-21,54,464.91866,48,8.609604814814814,3.0138631687242796,0.5786779835390946,11.42222222222222,0.0,False,2,22
2015-01-22,51,491.667568,44,9.640540549019608,2.729760348583878,0.2662745098039216,10.752941176470587,0.0,False,3,22
2015-01-23,67,478.523289,58,7.142138641791044,2.206558872305141,0.26176616915422884,13.385074626865672,0.0,False,4,22
2015-01-24,40,297.774487,35,7.444362175,1.8631041666666668,0.13886805555555554,15.02,0.0,False,5,22
2015-01-25,38,389.255875,28,10.243575657894738,2.7423976608187135,0.4842470760233918,14.657894736842104,0.0,False,6,22
2015-01-26,51,368.823893,41,7.231841039215686,2.6792538126361656,0.4163888888888889,15.288235294117648,0.0,False,0,22
2015-01-27,56,478.99103,48,8.55341125,2.5149751984126985,0.26637400793650795,15.5375,0.0,False,1,22
2015-01-28,54,376.195428,48,6.966582,2.3635493827160494,0.20366255144032921,14.374074074074075,0.0,False,2,22
2015-01-29,55,536.50507,49,9.754637636363638,2.903888888888889,0.26367171717171717,13.710909090909091,0.0,False,3,22
2015-01-30,59,388.636286,49,6.587055694915254,2.5113182674199623,0.7139453860640301,14.471186440677965,0.0,False,4,22
2015-01-31,50,343.265474,44,6.86530948,2.4863,0.7227277777777777,16.496,0.0,False,5,22
2015-02-01,49,428.268194,43,8.740167224489795,2.106609977324263,0.1773922902494331,15.275510204081632,0.0,False,6,22
2015-02-02,54,428.763825,46,7.940070833333333,2.535519547325103,0.4591872427983539,15.022222222222224,0.0,False,0,22
2015-02-03,60,409.304135,48,6.821735583333333,2.5251435185185187,0.6398935185185184,15.981666666666666,0.0,False,1,22
2015-02-04,51,427.24179300000003,43,8.37729005882353,2.727696078431373,0.28219498910675384,14.315686274509805,0.0,False,2,22
2015-02-05,58,452.456859,44,7.800980327586207,2.494942528735632,0.41763888888888884,13.336206896551724,0.0,False,3,22
2015-02-06,56,387.388143,51,6.917645410714286,2.49703373015873,0.5599603174603175,14.762500000000001,1.6464285714285716,False,4,22
2015-02-07,48,410.364294,45,8.549256125,2.411724537037037,0.28509837962962964,16.554166666666667,0.06458333333333334,False,5,22
2015-02-08,42,252.44406,39,6.010572857142857,2.1676521164021163,0.5046164021164021,15.80952380952381,1.4023809523809523,False,6,22
2015-02-09,51,387.657454,45,7.601126549019607,2.776764705882353,0.44394335511982574,14.690196078431374,0.0784313725490196,False,0,22
2015-02-10,60,471.392549,48,7.856542483333333,2.641824074074074,0.4701296296296296,13.826666666666666,0.0,False,1,22
2015-02-11,63,549.169693,54,8.716979253968255,3.0695238095238095,0.707420634920635,14.696825396825396,0.0,False,2,22
2015-02-12,55,392.992557,51,7.145319218181818,2.419358585858586,0.45848484848484844,17.027272727272727,0.0,False,3,22
2015-02-13,48,339.074869,41,7.064059770833333,2.4088831018518517,0.3611863425925926,17.366666666666667,0.0,False,4,22
2015-02-14,42,306.938313,37,7.308055071428571,2.06603835978836,0.4803108465608466,19.585714285714285,0.0,False,5,22
2015-02-15,43,259.824522,34,6.0424307441860465,2.062215762273902,0.5247739018087855,19.15813953488372,0.0,False,6,22
2015-02-16,42,339.33346,36,8.079368095238095,2.5491931216931216,0.507744708994709,16.530952380952378,0.0,True,0,22
2015-02-17,51,420.950865,47,8.253938529411766,2.969259259259259,0.6960675381263618,13.056862745098039,0.0,False,1,22
2015-02-18,57,457.365201,53,8.023950894736842,2.4959892787524365,0.3471442495126706,13.694736842105264,0.0,False,2,22
2015-02-19,55,369.01517,50,6.7093667272727275,2.2420050505050506,0.2823080808080808,14.52,0.0,False,3,22
2015-02-20,48,328.011666,44,6.833576375,2.318304398148148,0.34585069444444444,15.606250000000001,0.0,False,4,22
2015-02-21,51,329.152914,44,6.453978705882353,1.6527995642701523,0.20310457516339867,16.28627450980392,0.0,False,5,22
2015-02-22,42,311.228164,40,7.4101943809523805,1.8880423280423282,0.20248015873015873,14.880952380952381,0.0,False,6,22
2015-02-23,56,382.945183,47,6.838306839285714,2.0447172619047618,0.2908878968253968,12.330357142857142,0.0,False,0,22
2015-02-24,64,488.329544,60,7.630149125,2.328845486111111,0.40696180555555556,14.159375,0.0,False,1,22
2015-02-25,70,514.214148,59,7.3459164,2.4820714285714285,0.4732579365079365,14.235714285714286,0.0,False,2,22
2015-02-26,57,514.562874,51,9.027418842105263,2.934337231968811,0.5270029239766082,15.378947368421054,0.0,False,3,22
2015-02-27,57,421.193502,49,7.389359684210527,2.7863401559454193,0.6949512670565302,12.884210526315789,0.0035087719298245615,False,4,22
2015-02-28,53,358.191707,49,6.758334094339623,1.9916981132075473,0.19841719077568132,12.235849056603774,0.13018867924528302,False,5,22
2015-03-01,41,323.73797,38,7.8960480487804885,1.9183197831978318,0.26102981029810296,14.424390243902439,0.0,False,6,22
2015-03-02,49,375.521098,40,7.66369587755102,2.7598185941043085,0.5826303854875283,11.577551020408162,0.034693877551020415,False,0,22
2015-03-03,53,447.88464600000003,46,8.450653698113209,2.5333962264150944,0.4112002096436059,13.971698113207546,0.0,False,1,22
2015-03-04,52,415.945664,49,7.998955076923077,2.6047863247863248,0.45498397435897436,15.346153846153847,0.0,False,2,22
2015-03-05,57,459.290725,51,8.05773201754386,2.775711500974659,0.6143762183235868,15.319298245614034,0.0,False,3,22
2015-03-06,52,367.814761,49,7.073360788461538,2.3775160256410257,0.3750534188034188,17.18076923076923,0.0,False,4,22
2015-03-07,50,411.978318,46,8.23956636,2.345472222222222,0.5452166666666666,18.988,0.0,False,5,22
2015-03-08,40,247.056374,35,6.17640935,2.0417708333333335,0.41133333333333333,17.605,0.0,False,6,22
2015-03-09,50,452.95928,42,9.0591856,2.7391944444444443,0.39409444444444447,16.308,0.0,False,0,22
2015-03-10,52,367.999708,47,7.076917461538462,2.6267735042735043,0.5397168803418804,16.632692307692306,0.0,False,1,22
2015-03-11,56,399.682291,52,7.1371837678571435,2.5434573412698414,0.5192261904761905,15.051785714285714,0.019642857142857146,False,2,22
2015-03-12,62,449.789308,54,7.254666258064516,2.8083064516129035,0.8065770609318996,17.37741935483871,0.0,False,3,22
2015-03-13,46,402.788427,41,8.756270152173913,2.804673913043478,0.5891908212560386,18.82391304347826,0.0,False,4,22
2015-03-14,62,378.539516,54,6.105476064516129,2.0577105734767023,0.49238799283154117,22.866129032258065,0.0,False,5,22
2015-03-15,50,309.061475,45,6.1812295,1.878438888888889,0.4474222222222222,19.794,0.0,False,6,22
2015-03-16,47,327.651036,40,6.971298638297871,2.761826241134752,0.7810638297872341,17.58723404255319,0.0,False,0,22
2015-03-17,47,384.139406,43,8.17317885106383,2.5366489361702125,0.2999645390070922,15.708510638297872,0.0,False,1,22
2015-03-18,61,377.515591,53,6.188780180327869,2.213479052823315,0.4597632058287796,16.808196721311475,0.0,False,2,22
2015-03-19,54,453.41129,48,8.39650537037037,2.4241769547325105,0.3107716049382716,18.946296296296296,0.0,False,3,22
2015-03-20,47,327.499125,42,6.968066489361702,2.296471631205674,0.36649527186761227,17.75744680851064,0.0,False,4,22
2015-03-21,52,370.9687,42,7.134013461538462,2.2877938034188032,0.5920833333333333,17.540384615384617,0.0,False,5,22
2015-03-22,44,424.42347,42,9.645987954545454,2.748642676767677,0.6666540404040404,16.386363636363637,0.03636363636363637,False,6,22
2015-03-23,53,381.246636,50,7.193332754716981,2.5024371069182387,0.5800471698113208,14.59811320754717,0.018867924528301886,False,0,22
2015-03-24,59,459.074593,55,7.780925305084746,2.6573587570621466,0.6415395480225988,15.683050847457626,0.0033898305084745766,False,1,22
2015-03-25,61,417.110048,54,6.837869639344262,2.4337978142076504,0.5152140255009108,18.1655737704918,0.0,False,2,22
2015-03-26,56,441.117604,48,7.877100071428571,2.8146478174603176,0.6766121031746032,21.43392857142857,0.0,False,3,22
2015-03-27,53,330.68625,48,6.23936320754717,2.347101677148847,0.45143605870020964,17.71320754716981,0.0,False,4,22
2015-03-28,54,429.810661,45,7.9594566851851845,2.513528806584362,0.5365174897119341,19.10925925925926,0.0,False,5,22
2015-03-29,53,319.854805,46,6.034996320754717,1.9371331236897273,0.4158018867924528,21.27169811320755,0.0,False,6,22
2015-03-30,55,465.134617,48,8.456993036363636,2.79129797979798,0.7068131313131314,17.743636363636362,0.0,False,0,22
2015-03-31,61,376.958887,52,6.1796538852459015,2.4766074681238615,0.6083287795992715,14.78360655737705,0.0,False,1,22
2015-04-01,56,520.587905,48,9.296212589285714,3.0405704365079367,0.711656746031746,13.303571428571429,0.0,False,2,22
2015-04-02,54,435.975388,47,8.073618296296296,2.704408436213992,0.42403292181069957,15.675925925925926,0.0,False,3,22
2015-04-03,49,353.148281,42,7.207107775510204,2.695719954648526,0.6773809523809523,17.214285714285715,0.0,False,4,22
2015-04-04,51,398.949567,47,7.822540529411765,2.340566448801743,0.5356045751633987,14.331372549019607,0.0,False,5,22
2015-04-05,38,266.542124,33,7.014266421052632,2.008406432748538,0.30950292397660817,12.73421052631579,0.10526315789473684,False,6,22
2015-04-06,52,444.629024,49,8.550558153846154,2.6879220085470084,0.3861805555555555,12.988461538461538,0.00576923076923077,False,0,22
2015-04-07,60,432.165503,52,7.202758383333333,2.6583287037037038,0.6774305555555556,11.936666666666667,0.5333333333333333,False,1,22
2015-04-08,58,446.124759,47,7.691806189655172,2.797030651340996,0.6928687739463603,13.782758620689656,0.0,False,2,22
2015-04-09,61,464.812594,55,7.6198785901639345,2.41724043715847,0.5396448087431694,15.10327868852459,0.0,False,3,22
2015-04-10,41,309.453858,39,7.547655073170732,2.885779132791328,0.8232317073170731,16.158536585365855,0.0,False,4,22
2015-04-11,56,458.664758,49,8.190442107142857,2.1524950396825395,0.40263392857142855,17.210714285714285,0.0,False,5,22
2015-04-12,39,237.621273,35,6.092853153846154,2.266545584045584,0.7051282051282052,19.092307692307692,0.0,False,6,22
2015-04-13,52,422.81417999999996,49,8.131041923076923,2.853418803418803,0.8679594017094018,14.259615384615385,0.0,False,0,22
2015-04-14,64,442.900653,59,6.920322703125,2.538025173611111,0.6128168402777777,14.0234375,0.0,False,1,22
2015-04-15,60,462.350497,55,7.705841616666667,3.0131666666666663,0.8110416666666667,16.39,0.0,False,2,22
2015-04-16,51,426.62417700000003,47,8.365179941176471,2.8658496732026144,0.5811383442265795,19.63921568627451,0.0,False,3,22
2015-04-17,54,375.845509,47,6.960102018518518,2.231856995884774,0.4992592592592593,20.37777777777778,0.0,False,4,22
2015-04-18,48,362.301327,44,7.5479443125,2.247309027777778,0.6281770833333333,19.195833333333333,0.0,False,5,22
2015-04-19,46,357.84466199999997,39,7.779231782608695,2.1120591787439613,0.39843599033816424,18.406521739130437,0.0,False,6,22
2015-04-20,58,413.949564,52,7.137061448275862,2.380886015325671,0.4740948275862069,15.83448275862069,0.0,False,0,22
2015-04-21,57,432.984918,52,7.596226631578947,2.9039571150097463,0.714088693957115,13.521052631578948,0.0,False,1,22
2015-04-22,58,426.532186,52,7.354003206896552,2.532662835249042,0.5704837164750958,15.120689655172415,0.0,False,2,22
2015-04-23,57,450.682675,48,7.906713596491229,2.709395711500975,0.5926754385964912,14.687719298245614,0.0,False,3,22
2015-04-24,58,360.535625,50,6.2161314655172415,2.36073275862069,0.5834770114942529,13.270689655172415,0.0,False,4,22
2015-04-25,62,436.612079,52,7.042130306451613,2.014937275985663,0.35708333333333336,13.703225806451613,0.004838709677419356,False,5,22
2015-04-26,51,372.347308,46,7.300927607843137,2.004155773420479,0.2851742919389978,16.08627450980392,0.0,False,6,22
2015-04-27,59,443.094643,47,7.510078694915254,2.7384745762711864,0.7946139359698681,20.47627118644068,0.0,False,0,22
2015-04-28,66,552.032678,59,8.364131484848485,2.8148905723905724,0.551043771043771,15.771212121212123,0.0,False,1,22
2015-04-29,56,395.812299,50,7.068076767857143,2.6016220238095236,0.6126934523809524,17.20714285714286,0.0,False,2,22
2015-04-30,70,492.168066,58,7.030972371428572,2.5115515873015872,0.7611666666666667,23.585714285714285,0.0,False,3,22
2015-05-01,56,476.888327,48,8.515862982142858,2.918923611111111,0.8592410714285714,21.32857142857143,0.0,False,4,22
2015-05-02,58,478.022836,54,8.241773034482758,2.1695114942528737,0.2901293103448276,19.18103448275862,0.0,False,5,22
2015-05-03,43,414.925292,34,9.649425395348837,3.0570801033591732,0.7709108527131783,16.346511627906978,0.0,False,6,22
2015-05-04,61,519.9261260000001,53,8.5233791147541,2.8065755919854283,0.47988160291438975,14.142622950819673,0.0,False,0,22
2015-05-05,68,518.705835,57,7.628026985294118,2.802426470588235,0.5499183006535948,14.498529411764705,0.0,False,1,22
2015-05-06,60,441.198283,51,7.353304716666667,2.5337546296296294,0.570574074074074,15.67,0.0,False,2,22
2015-05-07,62,499.175098,52,8.051211258064516,2.7056899641577057,0.5938888888888888,15.779032258064515,0.0,False,3,22
2015-05-08,60,480.332819,56,8.005546983333334,2.844828703703704,0.7201296296296297,16.618333333333332,0.0,False,4,22
2015-05-09,60,465.706168,53,7.761769466666666,2.1056898148148147,0.3143425925925926,15.558333333333334,0.0,False,5,22
2015-05-10,43,341.497632,37,7.941805395348838,2.495064599483204,0.6605232558139534,15.73720930232558,0.0,False,6,22
2015-05-11,55,398.010487,49,7.236554309090909,2.309828282828283,0.43764141414141416,13.361818181818181,0.0,False,0,22
2015-05-12,58,471.786891,53,8.13425674137931,2.720038314176245,0.5451053639846744,13.02241379310345,0.0,False,1,22
2015-05-13,58,484.77975200000003,52,8.358271586206897,2.742567049808429,0.5743055555555555,14.151724137931033,0.0,False,2,22
2015-05-14,51,411.003878,44,8.058899568627451,2.7906862745098038,0.7564433551198256,14.27843137254902,0.09607843137254903,False,3,22
2015-05-15,59,524.908941,52,8.896761711864407,2.9215112994350285,0.7424529190207156,14.686440677966102,0.0,False,4,22
2015-05-16,52,393.804626,46,7.573165884615384,2.0627297008547005,0.47879273504273506,15.294230769230769,0.0,False,5,22
2015-05-17,50,395.654637,45,7.91309274,2.2773833333333333,0.41888888888888887,14.88,0.0,False,6,22
2015-05-18,57,486.57667,51,8.536432807017544,2.6501169590643276,0.44126218323586747,14.410526315789474,0.0,False,0,22
2015-05-19,71,547.691587,52,7.713966014084507,2.493345070422535,0.500133020344288,14.728169014084507,0.0,False,1,22
2015-05-20,62,439.38419,56,7.086841774193548,2.429991039426523,0.44860663082437274,15.288709677419355,0.0,False,2,22
2015-05-21,60,475.98447699999997,50,7.933074616666667,2.210351851851852,0.2534027777777778,15.161666666666667,0.03166666666666667,False,3,22
2015-05-22,68,458.955604,60,6.7493471176470585,2.6411070261437906,0.463656045751634,15.913235294117646,0.0029411764705882353,False,4,22
2015-05-23,59,433.414858,51,7.346014542372881,1.9467514124293785,0.3130225988700565,15.238983050847459,0.0,False,5,22
2015-05-24,45,331.104168,39,7.3578704,1.9800617283950617,0.33335185185185184,16.206666666666667,0.0,False,6,22
2015-05-25,40,277.50645,37,6.93766125,2.2808055555555553,0.6785763888888889,16.4675,0.0,True,0,22
2015-05-26,65,457.92264,59,7.044963692307692,2.6008076923076926,0.41352564102564104,16.2,0.0,False,1,22
2015-05-27,66,465.397046,56,7.051470393939394,2.302436868686869,0.38916666666666666,16.327272727272724,0.0,False,2,22
2015-05-28,58,448.805065,53,7.738018362068965,2.768314176245211,0.7374329501915708,16.129310344827587,0.0,False,3,22
2015-05-29,55,358.351328,50,6.515478690909092,2.181388888888889,0.35520707070707075,17.02909090909091,0.0,False,4,22
2015-05-30,62,531.020717,55,8.564850274193548,2.54081541218638,0.6279166666666667,19.85,0.0,False,5,22
2015-05-31,58,501.674724,50,8.649564206896553,2.6987978927203065,0.8126149425287357,17.424137931034483,0.0,False,6,22
2015-06-01,61,488.39258,56,8.006435737704917,2.5463979963570127,0.42790072859744993,17.837704918032784,0.0,False,0,22
2015-06-02,58,366.150477,48,6.31293925862069,2.520823754789272,0.8326340996168583,17.07241379310345,0.0,False,1,22
2015-06-03,65,507.219039,53,7.803369830769231,2.954423076923077,0.7619145299145299,15.770769230769229,0.0,False,2,22
2015-06-04,56,414.867247,49,7.408343696428572,2.5596626984126982,0.6588789682539682,18.14464285714286,0.0,False,3,22
2015-06-05,62,439.140409,55,7.082909822580644,2.5087544802867385,0.5877419354838709,20.375806451612902,0.0,False,4,22
2015-06-06,54,360.637292,48,6.67846837037037,2.141954732510288,0.5986625514403293,21.05925925925926,0.0,False,5,22
2015-06-07,50,407.45016,42,8.1490032,2.3175,0.5744166666666666,23.965999999999998,0.0,False,6,22
2015-06-08,53,429.574997,49,8.10518862264151,3.319318658280922,0.9743238993710692,26.59622641509434,0.0,False,0,22
2015-06-09,54,361.363245,48,6.691911944444445,2.1804732510288067,0.40271604938271605,22.14074074074074,0.0,False,1,22
2015-06-10,57,410.18584500000003,47,7.196242894736843,2.595492202729045,0.6263011695906432,20.942105263157895,0.043859649122807015,False,2,22
2015-06-11,56,459.826553,48,8.21118844642857,2.557857142857143,0.6390724206349206,23.273214285714285,0.0,False,3,22
2015-06-12,52,314.865232,49,6.055100615384616,2.167104700854701,0.4053258547008547,23.61923076923077,0.0,False,4,22
2015-06-13,48,298.537865,45,6.219538854166667,1.7234837962962963,0.1850752314814815,22.45625,0.0,False,5,22
2015-06-14,51,422.362051,44,8.281608843137255,2.8034694989106757,0.8627995642701526,20.243137254901963,0.0,False,6,22
2015-06-15,58,441.5908,50,7.613634482758621,2.579980842911877,0.6312931034482759,18.227586206896554,0.0,False,0,22
2015-06-16,53,340.64853899999997,51,6.4273309245283015,2.2229926624737946,0.2728406708595388,19.296226415094342,0.0,False,1,22
2015-06-17,61,438.08756999999997,56,7.18176344262295,2.4588570127504554,0.5915482695810564,21.249180327868853,0.0,False,2,22
2015-06-18,54,337.904868,47,6.257497555555556,2.4406893004115227,0.6007510288065844,19.625925925925927,0.0,False,3,22
2015-06-19,47,305.681033,45,6.503851765957447,2.270543735224586,0.4012529550827423,20.772340425531915,0.0,False,4,22
2015-06-20,37,284.006831,36,7.675860297297296,2.1695795795795796,0.478018018018018,22.2972972972973,0.0,False,5,22
2015-06-21,31,269.416807,27,8.690864741935483,2.803378136200717,0.7093010752688174,19.5,0.0,False,6,22
2015-06-22,49,343.512427,45,7.010457693877551,2.0982086167800453,0.2975907029478458,18.33061224489796,0.0,False,0,22
2015-06-23,43,308.577818,37,7.176228325581395,2.5538695090439276,0.596828165374677,18.548837209302327,0.0,False,1,22
2015-06-24,51,310.052135,47,6.079453627450981,2.4891503267973856,0.6979411764705882,20.180392156862744,0.0,False,2,22
2015-06-25,45,310.550743,41,6.901127622222223,2.770283950617284,0.8297839506172839,25.560000000000002,0.0,False,3,22
2015-06-26,53,374.654913,45,7.06896062264151,2.6633647798742137,0.8101310272536687,23.590566037735847,0.0,False,4,22
2015-06-27,34,262.923443,30,7.7330424411764715,2.7050571895424835,0.7170996732026144,21.83529411764706,0.0,False,5,22
2015-06-28,30,219.534299,29,7.317809966666667,2.4172592592592594,0.692574074074074,21.376666666666665,0.0,False,6,22
2015-06-29,55,366.24605,46,6.659019090909092,2.5121060606060603,0.6846161616161616,21.036363636363635,0.0,False,0,22
2015-06-30,59,415.862466,50,7.048516372881355,2.410908662900188,0.5215065913370998,26.159322033898306,0.0,False,1,22
2015-07-01,44,409.77405799999997,38,9.313046772727272,3.051963383838384,0.783219696969697,26.31590909090909,0.0,False,2,22
2015-07-02,50,348.843587,43,6.97687174,2.5265166666666667,0.6511555555555555,23.831999999999997,0.036000000000000004,False,3,22
2015-07-03,42,330.391841,34,7.866472404761905,2.53765873015873,0.7192592592592593,22.642857142857142,0.1261904761904762,True,4,22
2015-07-04,32,258.028138,30,8.0633793125,3.013480902777778,1.1039756944444445,21.896875,0.0,False,5,22
2015-07-05,35,261.548247,32,7.472807057142857,2.3140079365079367,0.551436507936508,21.951428571428572,0.0,False,6,22
2015-07-06,55,476.788833,47,8.668887872727273,3.0459545454545456,0.7217979797979798,20.425454545454546,0.0,False,0,22
2015-07-07,55,425.785205,46,7.741549181818182,2.527242424242424,0.5361717171717172,19.87090909090909,0.0,False,1,22
2015-07-08,52,414.439961,44,7.96999925,2.7774091880341882,0.5868002136752136,18.390384615384615,0.0,False,2,22
2015-07-09,42,275.781662,37,6.566230047619047,2.638320105820106,0.7231084656084656,19.007142857142856,0.0,False,3,22
2015-07-10,50,420.257584,46,8.40515168,3.395755555555555,1.2494444444444444,18.682000000000002,0.152,False,4,22
2015-07-11,43,332.028233,37,7.721586813953488,1.8634431524547805,0.1678294573643411,20.70232558139535,0.0,False,5,22
2015-07-12,43,307.52153599999997,38,7.151663627906976,2.4243023255813956,0.7203165374677003,21.106976744186046,0.0,False,6,22
2015-07-13,49,364.129228,43,7.431208734693878,2.8655158730158727,0.7904705215419501,19.897959183673468,0.0,False,0,22
2015-07-14,56,450.08477,50,8.037228035714286,2.5878968253968253,0.5057440476190476,19.151785714285715,0.0,False,1,22
2015-07-15,61,419.817528,51,6.882254557377049,2.497654826958106,0.49123406193078323,21.719672131147544,0.0,False,2,22
2015-07-16,57,395.862029,49,6.944947877192982,2.2017592592592594,0.33591617933723195,22.628070175438594,0.0,False,3,22
2015-07-17,54,389.361689,51,7.2104016481481485,2.3527366255144035,0.49551954732510284,22.50185185185185,0.0,False,4,22
2015-07-18,48,297.999559,41,6.208324145833333,2.145792824074074,0.5443634259259259,21.962500000000002,0.0,False,5,22
2015-07-19,42,332.144638,41,7.9082056666666665,2.5415674603174603,0.7356746031746032,25.49761904761905,0.08095238095238096,False,6,22
2015-07-20,47,361.010646,41,7.681077574468086,2.244184397163121,0.3781855791962174,26.370212765957447,0.0,False,0,22
2015-07-21,56,444.40036299999997,49,7.935720767857142,2.7322420634920634,0.529171626984127,21.47142857142857,0.0,False,1,22
2015-07-22,54,415.080014,47,7.686666925925926,2.8852417695473247,0.8144855967078188,19.324074074074073,0.0,False,2,22
2015-07-23,57,384.927027,52,6.753105736842105,2.77083820662768,0.6626120857699805,18.36140350877193,0.0,False,3,22
2015-07-24,51,352.586703,48,6.913464764705882,2.284199346405229,0.5629793028322441,20.60588235294118,0.0,False,4,22
2015-07-25,47,345.085331,40,7.342241085106383,2.285141843971631,0.6520212765957447,21.074468085106382,0.0,False,5,22
2015-07-26,50,258.67385,36,5.173477,1.8105944444444444,0.5848833333333333,21.12,0.0,False,6,22
2015-07-27,47,342.565905,41,7.288636276595744,2.5162765957446807,0.4527718676122931,22.5468085106383,0.0,False,0,22
2015-07-28,58,385.723594,52,6.650406793103448,2.240938697318008,0.39107758620689653,27.682758620689654,0.0,False,1,22
2015-07-29,63,492.248501,52,7.81346826984127,2.6299867724867725,0.4744400352733686,27.73015873015873,0.0,False,2,22
2015-07-30,75,539.868466,64,7.198246213333333,2.337462962962963,0.49495925925925927,24.154666666666664,0.0,False,3,22
2015-07-31,70,560.286808,61,8.004097257142856,2.434765873015873,0.3961388888888889,22.80142857142857,0.0,False,4,22
2015-08-01,55,326.424062,46,5.9349829454545455,2.186338383838384,0.7228636363636364,23.396363636363635,0.0,False,5,22
2015-08-02,44,338.956357,42,7.703553568181818,2.413882575757576,0.6859027777777778,21.625,0.0,False,6,22
2015-08-03,70,583.726857,67,8.3389551,2.608174603174603,0.4077936507936508,20.38142857142857,0.0,False,0,22
2015-08-04,70,602.466227,66,8.606660385714285,2.7751111111111113,0.5500674603174603,19.970000000000002,0.002857142857142857,False,1,22
2015-08-05,71,647.467681,65,9.119263112676055,3.0846635367762127,0.7911619718309859,21.89718309859155,0.0,False,2,22
2015-08-06,74,488.356254,66,6.599408837837838,2.305788288288288,0.5151013513513514,23.10810810810811,0.0,False,3,22
2015-08-07,74,615.760308,64,8.321085243243243,2.5770232732732734,0.47306306306306306,21.53648648648649,0.0,False,4,22
2015-08-08,63,390.745352,53,6.202307174603175,1.9965343915343916,0.49689594356261024,21.285714285714285,0.0,False,5,22
2015-08-09,49,347.72159,45,7.0963589795918365,2.451167800453515,0.7533163265306123,22.185714285714283,0.0,False,6,22
2015-08-10,72,539.10114,63,7.487515833333333,2.7249189814814816,0.6923533950617284,20.491666666666664,0.0,False,0,22
2015-08-11,70,545.650325,64,7.795004642857142,2.4643055555555557,0.4734285714285714,20.952857142857145,0.0,False,1,22
2015-08-12,77,543.607325,67,7.059835389610389,2.450822510822511,0.4436435786435786,21.963636363636365,0.0,False,2,22
2015-08-13,61,549.091856,56,9.001505836065574,2.9480555555555554,0.7960519125683061,21.334426229508196,0.0,False,3,22
2015-08-14,70,496.021021,63,7.0860145857142856,2.216361111111111,0.43649603174603174,21.525714285714287,0.0,False,4,22
2015-08-15,63,556.054359,55,8.826259666666667,2.467720458553792,0.5098500881834215,29.63968253968254,0.0,False,5,22
2015-08-16,76,599.938976,65,7.8939338947368425,2.0356542397660817,0.31612938596491225,31.39736842105263,0.0,False,6,22
2015-08-17,73,621.62201,66,8.51537,2.8459779299847794,0.6570281582952816,27.267123287671232,0.0,False,0,22
2015-08-18,78,617.243726,68,7.913381102564103,2.3968482905982906,0.4169586894586894,22.997435897435896,0.0,False,1,22
2015-08-19,75,600.158866,66,8.002118213333333,2.496411111111111,0.4666888888888889,20.637333333333334,0.0,False,2,22
2015-08-20,74,566.944955,61,7.661418310810811,2.56725975975976,0.5753265765765766,20.32702702702703,0.0,False,3,22
2015-08-21,86,573.35319,77,6.666897558139535,2.420287467700258,0.6225968992248062,19.872093023255815,0.0,False,4,22
2015-08-22,67,436.638647,59,6.516994731343283,1.9076616915422886,0.3911318407960199,21.66268656716418,0.0,False,5,22
2015-08-23,58,491.032709,53,8.466081189655172,2.786772030651341,0.8822078544061303,22.06551724137931,0.0,False,6,22
2015-08-24,75,638.428226,64,8.512376346666667,2.6254851851851853,0.547437037037037,21.488,0.0,False,0,22
2015-08-25,78,642.514318,67,8.23736305128205,2.614750712250712,0.4803311965811966,22.298717948717947,0.0,False,1,22
2015-08-26,89,684.131346,77,7.686869056179775,2.7168508114856427,0.7854057428214731,23.98314606741573,0.0,False,2,22
2015-08-27,78,534.532047,67,6.852974961538462,2.2184330484330483,0.462514245014245,26.725641025641025,0.0,False,3,22
2015-08-28,77,573.120677,71,7.4431256753246755,2.4015584415584414,0.360988455988456,27.27662337662338,0.0,False,4,22
2015-08-29,67,583.323907,55,8.706326970149254,2.3896890547263685,0.5043117744610283,22.261194029850746,0.0,False,5,22
2015-08-30,54,424.687455,50,7.8645825,2.431836419753086,0.6869598765432099,21.46666666666667,0.0,False,6,22
2015-08-31,80,654.619983,71,8.1827497875,2.882125,0.8581562500000001,22.1175,0.0,False,0,22
2015-09-01,79,618.619532,71,7.830626987341772,2.646135724331927,0.6590471167369901,20.453164556962026,0.0,False,1,22
2015-09-02,78,612.866253,70,7.857259653846154,2.4043874643874643,0.462752849002849,19.215384615384615,0.0,False,2,22
2015-09-03,77,583.220657,70,7.574294246753246,2.666439393939394,0.7541233766233766,18.674025974025977,0.0,False,3,22
2015-09-04,71,582.423547,66,8.203148549295774,2.6782942097026603,0.632539123630673,17.91830985915493,0.0,False,4,22
2015-09-05,56,391.483901,47,6.9907839464285715,1.841736111111111,0.25458829365079366,23.0,0.0,False,5,22
2015-09-06,52,416.273869,45,8.00526671153846,2.291778846153846,0.532008547008547,25.59807692307692,0.0,False,6,22
2015-09-07,49,504.379569,43,10.293460591836734,3.073934240362812,0.8827267573696146,27.893877551020406,0.0,True,0,22
2015-09-08,83,681.451,70,8.210253012048193,2.8036880856760376,0.6118239625167337,29.612048192771088,0.0,False,1,22
2015-09-09,88,726.10305,78,8.251171022727274,2.5007323232323233,0.5031881313131313,30.405681818181815,0.0,False,2,22
2015-09-10,89,688.218912,82,7.732796764044944,2.725652309612984,0.7163951310861423,30.017977528089887,0.0,False,3,22
2015-09-11,93,698.558783,85,7.5113847634408595,3.0691308243727597,1.1531242532855437,27.0,0.0,False,4,22
2015-09-12,71,523.985272,60,7.380074253521127,2.8053638497652584,1.0760602503912362,21.877464788732393,0.014084507042253521,False,5,22
2015-09-13,73,596.253495,64,8.16785609589041,2.443976407914764,0.5829680365296803,24.958904109589042,0.0,False,6,22
2015-09-14,82,703.757525,74,8.582408841463414,2.812608401084011,0.7672730352303523,18.992682926829268,0.0,False,0,22
2015-09-15,87,772.314697,79,8.877180425287357,2.940153256704981,0.8853448275862069,17.78390804597701,0.0,False,1,22
2015-09-16,74,553.696156,68,7.482380486486486,2.771201201201201,0.8345908408408409,18.58108108108108,0.0,False,2,22
2015-09-17,97,769.122838,87,7.929101422680413,2.7978522336769758,0.8769043528064147,19.905154639175258,0.0010309278350515464,False,3,22
2015-09-18,97,615.60926,85,6.346487216494845,2.466168384879725,0.7690664375715922,22.163917525773197,0.0,False,4,22
2015-09-19,80,675.5790020000001,70,8.444737525,2.5138680555555557,0.6500868055555555,26.39375,0.0,False,5,22
2015-09-20,68,589.765629,56,8.673023955882353,2.164076797385621,0.32281454248366015,30.57058823529412,0.0,False,6,22
2015-09-21,83,682.680835,72,8.22507030120482,2.8683868808567605,0.8074631860776439,28.596385542168676,0.0,False,0,22
2015-09-22,88,707.184583,80,8.036188443181818,2.5667708333333334,0.6053188131313131,18.882954545454545,0.0,False,1,22
2015-09-23,92,705.975737,76,7.673649315217391,2.596554951690821,0.5504528985507247,21.958695652173912,0.0,False,2,22
2015-09-24,94,714.707858,83,7.603275085106383,2.527207446808511,0.5594296690307329,25.59255319148936,0.0,False,3,22
2015-09-25,101,811.623866,86,8.035879861386139,2.4506958195819584,0.38916666666666666,23.972277227722774,0.0,False,4,22
2015-09-26,86,698.235449,75,8.119016848837209,2.517690568475452,0.656514857881137,24.363953488372093,0.0,False,5,22
2015-09-27,64,468.962222,53,7.32753471875,2.0501692708333334,0.3583637152777778,24.25,0.0,False,6,22
2015-09-28,86,690.5466,77,8.029611627906977,2.7484689922480623,0.6883785529715762,21.256976744186044,0.0,False,0,22
2015-09-29,82,579.382335,71,7.065638231707317,2.586131436314363,0.664170054200542,18.332926829268292,0.0,False,1,22
2015-09-30,84,698.5794089999999,78,8.316421535714285,3.0054563492063493,0.7680621693121692,18.558333333333334,0.09404761904761905,False,2,22
2015-10-01,83,673.381539,77,8.113030590361445,2.6727376171352075,0.5890930388219545,19.337349397590362,0.31807228915662655,False,3,22
2015-10-02,93,782.202827,84,8.410783086021505,2.7038291517323776,0.658826164874552,20.78494623655914,0.0,False,4,22
2015-10-03,70,514.842306,62,7.354890085714286,2.397761904761905,0.6906071428571429,18.102857142857143,0.0,False,5,22
2015-10-04,55,419.969748,49,7.6358136,2.825813131313131,0.9909696969696971,20.265454545454542,0.0,False,6,22
2015-10-05,86,722.586996,75,8.402174372093024,2.5316634366925066,0.5208365633074936,18.817441860465117,0.0,False,0,22
2015-10-06,88,675.095301,79,7.671537511363636,2.8681565656565655,0.8658648989898989,19.818181818181817,0.0,False,1,22
2015-10-07,81,605.224679,78,7.471909617283951,2.250428669410151,0.37882030178326476,20.79753086419753,0.0,False,2,22
2015-10-08,92,687.811247,81,7.476209206521739,2.6442632850241545,0.6688707729468599,23.48804347826087,0.0,False,3,22
2015-10-09,76,626.705615,66,8.246126513157895,2.921374269005848,0.8436257309941521,22.367105263157896,0.0,False,4,22
2015-10-10,77,581.409554,71,7.550773428571428,2.0441378066378064,0.3879761904761904,20.574025974025975,0.0,False,5,22
2015-10-11,66,551.391529,59,8.354417106060605,2.084642255892256,0.2558459595959596,22.650000000000002,0.0,False,6,22
2015-10-12,85,796.565597,73,9.371359964705883,3.0752418300653597,0.7734901960784314,25.402352941176467,0.0,True,0,22
2015-10-13,79,662.924685,74,8.391451708860759,2.892644163150492,0.7502777777777777,26.99620253164557,0.0,False,1,22
2015-10-14,73,685.137668,68,9.385447506849314,2.933881278538813,0.6738394216133943,23.81095890410959,0.0,False,2,22
2015-10-15,73,663.998489,68,9.095869712328767,3.0284703196347036,0.7389573820395738,21.94109589041096,0.0,False,3,22
2015-10-16,86,730.998036,79,8.499977162790698,2.6843120155038758,0.5394735142118863,21.161627906976744,0.0,False,4,22
2015-10-17,80,716.215708,67,8.95269635,2.6950243055555556,0.6938576388888889,18.463749999999997,0.0975,False,5,22
2015-10-18,68,480.368687,59,7.064245397058824,2.8177369281045754,1.0374264705882352,18.113235294117647,0.007352941176470588,False,6,22
2015-10-19,70,522.22269,61,7.460324142857142,2.648388888888889,0.6856785714285715,17.791428571428572,0.0,False,0,22
2015-10-20,90,706.45984,77,7.8495537777777775,2.718074074074074,0.6562993827160494,20.2,0.0,False,1,22
2015-10-21,84,716.799819,74,8.533331178571428,2.6149900793650795,0.5627810846560847,20.976190476190474,0.0,False,2,22
2015-10-22,88,661.82385,77,7.520725568181818,2.5111584595959595,0.6627462121212121,21.311363636363637,0.0,False,3,22
2015-10-23,91,828.650461,78,9.106049021978022,2.8472741147741147,0.7706379731379732,21.315384615384616,0.0,False,4,22
2015-10-24,70,590.638073,64,8.437686757142856,3.0334801587301587,1.07,20.725714285714286,0.0,False,5,22
2015-10-25,66,530.994755,56,8.045375075757576,2.6379503367003365,0.8484175084175084,19.054545454545455,0.0,False,6,22
2015-10-26,90,744.825609,80,8.2758401,3.1418055555555555,1.0339783950617283,20.30777777777778,0.0,False,0,22
2015-10-27,91,643.887165,81,7.075683131868131,2.7466514041514043,0.8872954822954823,18.88901098901099,0.004395604395604396,False,1,22
2015-10-28,89,669.817078,77,7.526034584269663,2.5492072409488142,0.6806335830212235,18.083146067415733,0.10112359550561797,False,2,22
2015-10-29,76,637.559893,69,8.388945960526316,2.835559210526316,0.7252156432748539,18.417105263157897,0.0,False,3,22
2015-10-30,101,731.235263,87,7.2399530990099015,2.5772167216721673,0.7340456545654566,20.985148514851485,0.0,False,4,22
2015-10-31,71,561.569259,64,7.909426183098591,2.8092605633802816,0.9851291079812206,22.064788732394366,0.0,False,5,22
2015-11-01,66,530.548236,64,8.038609636363637,2.5069107744107746,0.6619739057239058,19.272727272727273,0.0,False,6,22
2015-11-02,81,676.615737,73,8.353280703703703,2.8304526748971193,0.7582544581618655,14.186419753086419,0.7382716049382716,False,0,22
2015-11-03,95,716.572192,89,7.542865178947368,2.5098508771929824,0.5252339181286549,14.342105263157896,0.0,False,1,22
2015-11-04,99,787.299757,85,7.952522797979798,2.5910578002244673,0.5996745230078563,13.99090909090909,0.0,False,2,22
2015-11-05,75,711.186734,66,9.482489786666667,3.2349814814814812,0.9035444444444445,15.508,0.0,False,3,22
2015-11-06,98,775.296736,86,7.91119118367347,2.9002692743764173,0.9221513605442178,15.391836734693879,0.0,False,4,22
2015-11-07,76,579.695371,70,7.627570671052632,2.4892397660818713,0.7202704678362574,16.075,0.0,False,5,22
2015-11-08,75,592.025074,65,7.893667653333334,2.4674222222222224,0.5897185185185185,13.256,0.2826666666666667,False,6,22
2015-11-09,93,781.181354,74,8.399799505376345,2.785337514934289,0.7276314217443249,10.573118279569892,0.867741935483871,False,0,22
2015-11-10,98,702.151283,83,7.164809010204082,2.3711026077097506,0.5371825396825397,11.496938775510204,0.0,False,1,22
2015-11-11,79,620.255444,69,7.8513347341772155,2.4317369901547115,0.41123769338959215,13.724050632911393,0.0,True,2,22
2015-11-12,97,821.717089,82,8.471310195876288,2.7264576174112256,0.6162628865979382,13.639175257731958,0.0,False,3,22
2015-11-13,93,838.469115,79,9.015796935483872,2.5206332138590204,0.49992831541218635,14.949462365591398,0.0,False,4,22
2015-11-14,83,577.195309,75,6.95416034939759,2.2364859437751003,0.66,14.959036144578311,0.0,False,5,22
2015-11-15,70,542.885042,65,7.7555006,2.721861111111111,0.8382896825396826,11.95,0.3728571428571429,False,6,22
2015-11-16,103,813.806418,90,7.901033184466019,2.5591370010787484,0.6025728155339806,11.032038834951456,0.0,False,0,22
2015-11-17,105,751.155694,97,7.1538637523809525,2.227537037037037,0.45757671957671964,13.160952380952383,0.0,False,1,22
2015-11-18,85,797.329976,81,9.38035265882353,3.0420098039215686,0.7560915032679739,13.734117647058824,0.0,False,2,22
2015-11-19,95,729.595924,85,7.679957094736841,2.763538011695906,0.6032309941520468,15.194736842105263,0.0,False,3,22
2015-11-20,84,908.235331,75,10.812325369047619,3.4253472222222223,0.930218253968254,15.930952380952382,0.0,False,4,22
2015-11-21,80,629.171957,73,7.8646494625,2.487253472222222,0.6261076388888889,15.915000000000001,0.0,False,5,22
2015-11-22,70,557.590092,61,7.965572742857144,2.4046825396825398,0.48896825396825394,16.924285714285716,0.0,False,6,22
2015-11-23,92,859.865292,84,9.346361869565216,2.9527204106280194,0.7920289855072463,13.0,0.0,False,0,22
2015-11-24,85,681.652672,77,8.019443200000001,2.8987189542483662,0.8441437908496733,11.050588235294118,0.19411764705882353,False,1,22
2015-11-25,85,690.270674,75,8.12083145882353,2.68187908496732,0.6877777777777777,9.092941176470587,0.0,False,2,22
2015-11-26,33,290.1767,29,8.793233333333333,3.078939393939394,1.035462962962963,8.678787878787878,0.0,True,3,22
2015-11-27,77,562.150311,64,7.30065338961039,2.412417027417028,0.716046176046176,9.083116883116883,0.0,False,4,22
2015-11-28,67,624.196576,59,9.31636680597015,3.0705887230514097,1.0066210613598674,9.917910447761194,0.0,False,5,22
2015-11-29,60,575.682416,52,9.594706933333333,3.8217222222222222,1.523476851851852,11.036666666666667,0.0,False,6,22
2015-11-30,86,702.710463,78,8.171051895348837,2.742719638242894,0.6205200258397933,10.018604651162791,0.1430232558139535,False,0,22
2015-12-01,98,793.186107,86,8.093735785714285,2.9719302721088434,0.899858276643991,11.139795918367348,0.0,False,1,22
2015-12-02,98,752.243557,85,7.675954663265307,2.689450113378685,0.8653344671201814,12.505102040816327,0.0,False,2,22
2015-12-03,101,772.9949750000001,83,7.653415594059407,2.73215896589659,0.8490511551155115,11.758415841584158,0.7811881188118812,False,3,22
2015-12-04,93,794.289725,82,8.540749731182796,2.6952628434886496,0.7068608124253286,12.350537634408601,0.0,False,4,22
2015-12-05,86,599.335655,74,6.969019244186046,2.2678003875968993,0.5646543927648578,11.713953488372093,0.0,False,5,22
2015-12-06,70,718.147,63,10.259242857142858,2.8931825396825395,0.7212619047619048,14.532857142857143,0.16714285714285712,False,6,22
2015-12-07,91,869.393461,84,9.553774296703297,3.0757356532356535,0.8978601953601953,14.75054945054945,0.0,False,0,22
2015-12-08,90,625.035714,85,6.944841266666667,2.5002500000000003,0.6071111111111112,13.983333333333333,0.0,False,1,22
2015-12-09,100,811.881395,93,8.11881395,2.6802527777777776,0.7023388888888888,14.742,0.0,False,2,22
2015-12-10,88,789.185569,81,8.968017829545454,3.077023358585859,1.0550031565656566,13.638636363636364,0.5,False,3,22
2015-12-11,91,901.396138,82,9.905452065934066,3.294114774114774,0.9251587301587302,10.393406593406594,0.0945054945054945,False,4,22
2015-12-12,75,658.686602,69,8.782488026666666,2.884151851851852,0.9125555555555555,11.448,0.0,False,5,22
2015-12-13,62,585.105662,57,9.437188096774195,3.1512724014336917,0.8487455197132616,10.28225806451613,0.9951612903225806,False,6,22
2015-12-14,91,830.609119,74,9.127572736263735,2.657579365079365,0.5383485958485958,8.562637362637362,0.0,False,0,22
2015-12-15,90,831.178232,86,9.235313688888889,3.2051543209876545,0.9202345679012345,8.654444444444444,0.0,False,1,22
2015-12-16,89,846.357767,77,9.509637831460674,3.0920318352059923,0.777940074906367,9.996629213483146,0.0,False,2,22
2015-12-17,97,778.130957,81,8.021968628865979,2.8481786941580753,0.8179495990836197,11.361855670103091,0.0,False,3,22
2015-12-18,95,790.193316,84,8.317824378947368,2.750535087719298,0.6923245614035087,11.070526315789474,0.12421052631578948,False,4,22
2015-12-19,72,642.512534,65,8.923785194444443,2.9498649691358025,0.9221604938271606,10.670833333333333,0.03333333333333334,False,5,22
2015-12-20,68,618.917121,61,9.101722367647058,2.809121732026144,0.8094281045751635,9.563235294117646,0.25882352941176473,False,6,22
2015-12-21,71,659.329717,64,9.28633404225352,2.800590766823161,0.651017214397496,12.830985915492958,0.959154929577465,False,0,22
2015-12-22,89,826.828215,83,9.290204662921349,2.975252808988764,0.7842571785268415,13.186516853932583,0.2910112359550562,False,1,22
2015-12-23,77,626.278981,67,8.133493259740261,2.710822510822511,0.7200757575757576,10.175324675324676,0.0,False,2,22
2015-12-24,54,466.71109,47,8.642797962962963,3.1815329218106996,1.0098045267489713,8.198148148148148,0.8425925925925926,False,3,22
2015-12-25,15,234.405025,15,15.627001666666667,3.630333333333333,0.6714629629629629,8.5,0.0,True,4,22
2015-12-26,55,463.084438,48,8.419717054545455,2.726424242424242,0.8190707070707071,7.745454545454545,0.0,False,5,22
2015-12-27,55,376.148255,45,6.839059181818182,1.951151515151515,0.4405050505050505,6.84,0.007272727272727273,False,6,22
2015-12-28,75,629.411708,66,8.392156106666667,2.8902074074074076,0.9172333333333333,7.198666666666666,0.0,False,0,22
2015-12-29,84,626.772896,71,7.461582095238095,2.5860152116402118,0.7150000000000001,8.571428571428571,0.0,False,1,22
2015-12-30,70,636.207284,61,9.088675485714285,2.768420634920635,0.5935277777777778,8.807142857142857,0.0,False,2,22
2015-12-31,67,634.080294,55,9.463884985074626,3.050219734660033,0.8386069651741294,7.597014925373134,0.0,False,3,22
2016-01-01,46,420.482614,42,9.140926391304347,3.4895893719806765,1.352300724637681,7.515217391304348,0.0,True,4,22
2016-01-02,65,589.417834,54,9.067966676923076,2.9225256410256413,0.895034188034188,10.096923076923076,0.0,False,5,22
2016-01-03,61,560.173663,55,9.183174803278689,2.8456967213114757,0.8740619307832422,11.462295081967214,0.02459016393442623,False,6,22
2016-01-04,91,837.3342,79,9.201474725274725,2.916086691086691,0.6892124542124543,11.564835164835166,0.3956043956043956,False,0,22
2016-01-05,99,866.777259,84,8.755325848484848,2.648094837261504,0.5669640852974186,10.522222222222222,0.6606060606060606,False,1,22
2016-01-06,90,816.68418,79,9.074268666666667,2.7104537037037035,0.5060987654320988,9.77111111111111,1.3955555555555554,False,2,22
2016-01-07,98,934.615716,88,9.53689506122449,3.0928231292517006,0.8195153061224489,9.467346938775512,0.0030612244897959186,False,3,22
2016-01-08,100,758.804873,85,7.588048730000001,2.443411111111111,0.4858916666666666,10.191,0.0,False,4,22
2016-01-09,86,750.170636,76,8.722914372093022,3.0621220930232553,0.899405684754522,11.548837209302325,0.0034883720930232558,False,5,22
2016-01-10,69,646.36119,60,9.367553478260868,3.2550845410628018,1.0832648953301127,11.202898550724637,0.0,False,6,22
2016-01-11,92,796.449693,81,8.657061880434783,2.70151268115942,0.6539462560386474,12.498913043478263,0.0,False,0,22
2016-01-12,101,841.598581,83,8.332659217821782,2.632046204620462,0.6698542354235424,12.423762376237624,0.0009900990099009901,False,1,22
2016-01-13,100,806.598733,86,8.06598733,2.6072527777777776,0.6223916666666667,12.425999999999998,0.175,False,2,22
2016-01-14,109,830.092941,90,7.61553156880734,2.5971941896024466,0.6263404689092762,10.01834862385321,0.21926605504587157,False,3,22
2016-01-15,127,1084.230373,111,8.537247031496063,2.7755533683289593,0.5227930883639546,12.61023622047244,0.006299212598425198,False,4,22
2016-01-16,107,1146.488734,88,10.714847981308411,3.444119937694704,1.0986915887850468,13.498130841121496,0.07383177570093458,False,5,22
2016-01-17,90,857.613073,77,9.529034144444445,2.6661018518518516,0.6901820987654321,13.48777777777778,0.4455555555555556,False,6,22
2016-01-18,127,1114.368925,104,8.77455846456693,2.7701968503937007,0.6842169728783902,13.41496062992126,0.1937007874015748,True,0,22
2016-01-19,127,1037.01137,104,8.165443858267716,2.7482436570428694,0.7019597550306211,13.88267716535433,0.9503937007874016,False,1,22
2016-01-20,128,1095.338441,112,8.5573315703125,2.7377430555555557,0.5956510416666667,12.76953125,0.0,False,2,22
2016-01-21,146,1204.765296,129,8.251817095890411,2.726788432267884,0.6830650684931507,13.254109589041095,0.0,False,3,22
2016-01-22,125,1056.953378,109,8.455627024,2.7743688888888887,0.7137888888888889,14.124,0.188,False,4,22
2016-01-23,99,856.528071,90,8.651798696969697,2.905937149270483,0.9882491582491583,11.367676767676768,0.4585858585858586,False,5,22
2016-01-24,91,907.213546,82,9.969379626373625,3.274899267399267,0.9948626373626374,11.127472527472527,0.0,False,6,22
2016-01-25,137,1194.027049,117,8.715525905109489,2.8402412814274127,0.7115693430656934,12.111678832116787,0.0,False,0,22
2016-01-26,144,1376.762247,122,9.5608489375,2.981695601851852,0.6882696759259259,11.475000000000001,0.0,False,1,22
2016-01-27,128,1033.306776,113,8.0727091875,2.8330794270833333,0.7631336805555555,12.54453125,0.0,False,2,22
2016-01-28,132,1076.887205,116,8.158236401515152,2.475641835016835,0.4376578282828283,12.975,0.02121212121212121,False,3,22
2016-01-29,134,1200.297809,113,8.957446335820896,2.752553897180763,0.6288370646766169,14.434328358208955,0.017164179104477612,False,4,22
2016-01-30,114,919.892854,104,8.06923556140351,2.401722709551657,0.5773221247563353,11.276315789473685,0.0,False,5,22
2016-01-31,104,929.29823,95,8.935559903846153,3.14477297008547,1.1919337606837606,9.865384615384615,0.006730769230769231,False,6,22
2016-02-01,127,1013.878654,112,7.9832964881889765,3.01673009623797,0.8577405949256343,8.635433070866142,0.0,False,0,22
2016-02-02,127,1174.393418,107,9.247192267716537,3.0089304461942254,0.6456802274715661,9.244881889763779,0.1204724409448819,False,1,22
2016-02-03,143,1333.747717,132,9.326907111888112,2.711653069153069,0.5246833721833721,9.888111888111888,0.0,False,2,22
2016-02-04,129,1203.529178,114,9.329683550387596,3.0604608096468557,0.7586240310077519,11.500775193798448,0.0,False,3,22
2016-02-05,139,1195.150409,122,8.598204381294964,2.694742206235012,0.5839328537170263,12.016546762589927,0.0,False,4,22
2016-02-06,87,913.4209910000001,76,10.499091850574713,3.7051340996168585,1.316353767560664,13.301149425287356,0.0,False,5,22
2016-02-07,75,666.225114,65,8.883001519999999,2.873774074074074,0.9048333333333333,14.785333333333334,0.0,False,6,22
2016-02-08,128,1147.662127,110,8.9661103671875,2.847328559027778,0.6219509548611111,15.92109375,0.0,False,0,22
2016-02-09,130,1188.149942,115,9.139614938461538,2.837653846153846,0.5849786324786325,16.50769230769231,0.0,False,1,22
2016-02-10,134,1266.435104,122,9.451008238805969,2.982247097844113,0.7655576285240464,16.312686567164178,0.0,False,2,22
2016-02-11,132,1021.136525,116,7.735882765151516,2.6401872895622893,0.5635837542087542,15.884848484848487,0.0,False,3,22
2016-02-12,140,1105.2579700000001,123,7.894699785714287,2.5375277777777776,0.6351587301587301,14.957142857142857,0.0,False,4,22
2016-02-13,100,821.837403,87,8.21837403,2.5668555555555552,0.7437055555555555,15.185,0.0,False,5,22
2016-02-14,90,728.685972,78,8.0965108,2.4604290123456787,0.5264783950617284,16.143333333333334,0.0,False,6,22
2016-02-15,118,1044.151359,101,8.848740330508475,2.9698893596986817,0.8177989642184558,18.215254237288136,0.0,True,0,22
2016-02-16,130,1141.787597,117,8.782981515384616,3.0133162393162394,0.8647264957264957,17.883846153846154,0.0,False,1,22
2016-02-17,119,942.760851,106,7.922360092436975,2.9369024276377216,0.9477497665732959,15.443697478991597,0.42436974789915966,False,2,22
2016-02-18,130,1176.949573,118,9.053458253846154,3.136700854700855,0.9066517094017095,12.302307692307693,0.24,False,3,22
2016-02-19,130,1081.914342,117,8.322418015384615,2.7565021367521365,0.7366089743589744,12.133846153846154,0.08,False,4,22
2016-02-20,111,941.161119,95,8.478928999999999,2.4933433433433434,0.6384984984984985,12.768468468468468,0.0,False,5,22
2016-02-21,101,775.080236,88,7.674061742574257,2.2657013201320133,0.549491199119912,12.930693069306932,0.0,False,6,22
2016-02-22,120,1144.376879,109,9.536473991666666,3.0489421296296295,0.7906134259259259,14.4275,0.0,False,0,22
2016-02-23,129,1310.287038,113,10.157263860465116,3.0460809646856157,0.6944358311800173,15.049612403100776,0.0,False,1,22
2016-02-24,128,1072.3696439999999,114,8.377887843749999,2.789431423611111,0.7101866319444444,16.3484375,0.0,False,2,22
2016-02-25,139,1186.319253,121,8.534670884892085,2.753421262989608,0.6129936051159073,17.168345323741008,0.0,False,3,22
2016-02-26,133,1086.560423,120,8.169627240601503,2.6886779448621554,0.6377610693400168,15.426315789473684,0.0,False,4,22
2016-02-27,119,901.49869,104,7.575619243697479,2.5409103641456583,0.8143160597572362,15.030252100840338,0.0,False,5,22
2016-02-28,107,934.729566,93,8.735790336448598,2.8334553478712357,0.9462616822429907,14.41682242990654,0.0,False,6,22
2016-02-29,134,1188.182686,116,8.867034970149254,3.097898009950249,1.0020936981757878,17.191791044776117,0.0,False,0,22
2016-03-01,135,1047.799505,112,7.761477814814815,2.52879012345679,0.6209465020576133,16.808888888888887,0.0,False,1,22
2016-03-02,119,882.272291,110,7.414052865546219,2.6232399626517275,0.7539612511671334,16.018487394957983,0.0,False,2,22
2016-03-03,147,1184.094187,124,8.055062496598639,2.6184845049130763,0.5982596371882086,15.050340136054423,0.004081632653061225,False,3,22
2016-03-04,131,1117.459598,116,8.530225938931297,3.008091603053435,0.9136111111111112,15.504580152671757,0.367175572519084,False,4,22
2016-03-05,93,796.001432,78,8.559155182795699,2.965008960573477,1.1182078853046595,15.259139784946239,0.9473118279569892,False,5,22
2016-03-06,102,967.198464,93,9.48233788235294,2.836179193899782,0.6835784313725491,12.633333333333333,0.2901960784313726,False,6,22
2016-03-07,134,1167.298529,115,8.711183052238805,2.8792558043117746,0.682893864013267,10.882835820895522,0.21865671641791046,False,0,22
2016-03-08,134,1131.499528,119,8.444026328358209,2.64007048092869,0.5542993366500829,10.917164179104478,0.05895522388059702,False,1,22
2016-03-09,140,1245.456075,127,8.896114821428572,2.68156746031746,0.5300198412698413,14.632857142857143,0.0,False,2,22
2016-03-10,129,1139.721046,115,8.835046868217054,3.0970111972437553,0.8869896640826873,14.613953488372093,0.7612403100775194,False,3,22
2016-03-11,140,1293.521468,121,9.239439057142857,2.863200396825397,0.6818313492063492,11.570714285714287,1.4992857142857143,False,4,22
2016-03-12,103,873.337959,93,8.479009310679611,2.9712918015102483,1.0425566343042072,12.518446601941749,0.21844660194174756,False,5,22
2016-03-13,93,892.912136,80,9.601205763440861,2.8423596176821984,0.6944653524492234,13.320430107526882,0.6430107526881721,False,6,22
2016-03-14,127,1171.950525,113,9.22795688976378,2.89244750656168,0.6937489063867017,12.762992125984253,0.007086614173228346,False,0,22
2016-03-15,123,1130.460457,111,9.190735422764227,2.9364747064137307,0.6991079494128275,12.903252032520324,0.0,False,1,22
2016-03-16,134,1167.62183,115,8.713595746268657,3.0213805970149252,0.866419983416252,16.001492537313432,0.0,False,2,22
2016-03-17,136,1090.486644,121,8.018284147058823,2.584938725490196,0.6141196895424836,17.946323529411764,0.0,False,3,22
2016-03-18,123,1179.9399329999999,112,9.593007585365852,3.3357046070460705,1.0082926829268293,14.134959349593496,0.0,False,4,22
2016-03-19,97,989.589744,84,10.20195612371134,2.9668785796105386,0.8400028636884307,15.075257731958763,0.0,False,5,22
2016-03-20,104,922.872755,94,8.873776490384616,2.6504487179487177,0.5860630341880342,15.598076923076924,0.22884615384615387,False,6,22
2016-03-21,127,1188.29725,113,9.35667125984252,3.012121609798775,0.7035804899387577,12.812598425196851,0.42755905511811026,False,0,22
2016-03-22,126,1103.829596,114,8.76055234920635,3.037806437389771,0.8848126102292768,11.884126984126985,0.0047619047619047615,False,1,22
2016-03-23,138,1194.865045,130,8.658442355072463,3.039140499194847,0.8151630434782609,13.815942028985507,0.0,False,2,22
2016-03-24,132,1182.448372,117,8.957942212121212,2.9424537037037037,0.7872706228956229,14.794696969696968,0.0,False,3,22
2016-03-25,136,1246.460681,121,9.165152066176471,2.86844158496732,0.7661519607843138,14.26029411764706,0.0,False,4,22
2016-03-26,102,888.67596,92,8.712509411764707,2.8959041394335507,0.9282244008714596,15.409803921568628,0.0,False,5,22
2016-03-27,88,736.884993,78,8.373693102272727,2.44417297979798,0.594905303030303,13.288636363636364,0.0,False,6,22
2016-03-28,126,1086.895193,113,8.626152325396825,2.9890079365079365,0.8537544091710758,11.015079365079366,0.0,False,0,22
2016-03-29,130,1095.662793,120,8.42817533076923,2.9351025641025643,0.7553739316239316,12.843076923076922,0.0,False,1,22
2016-03-30,143,1253.068499,126,8.762716776223776,2.6591336441336444,0.5407614607614607,13.678321678321678,0.0,False,2,22
2016-03-31,132,1179.649502,119,8.936738651515151,3.0242171717171717,0.8722664141414141,13.31060606060606,0.0,False,3,22
2016-04-01,122,1117.529928,105,9.16008137704918,2.789742714025501,0.5813000910746813,13.340983606557376,0.0,False,4,22
2016-04-02,94,851.697395,83,9.060610585106383,2.956622340425532,0.9101004728132388,16.54468085106383,0.0,False,5,22
2016-04-03,85,784.958751,80,9.234808835294118,2.7091470588235294,0.7226176470588235,15.208235294117648,0.0,False,6,22
2016-04-04,124,1038.454237,110,8.374630943548386,2.8437567204301075,0.7195340501792116,15.32983870967742,0.0,False,0,22
2016-04-05,129,1103.916644,118,8.557493364341084,2.8306158484065462,0.7002562446167098,20.130232558139536,0.0,False,1,22
2016-04-06,137,1189.435942,117,8.682014175182482,2.817510137875101,0.7692031630170316,23.65255474452555,0.0,False,2,22
2016-04-07,121,1154.325674,109,9.539881603305785,2.846400367309458,0.6704338842975207,17.47355371900826,0.0,False,3,22
2016-04-08,127,982.174598,112,7.733658251968503,2.5056517935258094,0.587007874015748,16.39527559055118,0.11102362204724409,False,4,22
2016-04-09,117,1050.26806,96,8.976650085470087,2.864499050332384,0.8684449192782526,15.067521367521369,0.3299145299145299,False,5,22
2016-04-10,101,829.12558,90,8.209164158415842,2.6456215621562156,0.8828630363036304,13.135643564356435,0.16237623762376235,False,6,22
2016-04-11,121,1220.179702,105,10.08412976859504,3.039602846648301,0.7513475665748394,14.522314049586777,0.0,False,0,22
2016-04-12,139,1248.393796,124,8.981250330935252,2.8785651478816945,0.6806274980015987,12.988489208633094,0.0,False,1,22
2016-04-13,139,1201.147498,122,8.641348906474821,2.708263389288569,0.6510711430855316,13.689208633093525,0.0,False,2,22
2016-04-14,132,1068.220769,116,8.092581583333333,2.6730618686868683,0.629726430976431,13.327272727272728,0.003787878787878788,False,3,22
2016-04-15,135,1173.495183,124,8.692556911111112,2.6561604938271604,0.5173930041152264,14.665185185185186,0.0,False,4,22
2016-04-16,107,860.207887,92,8.039326046728972,2.49452492211838,0.6185046728971962,20.86355140186916,0.0,False,5,22
2016-04-17,112,1001.784181,100,8.94450161607143,2.8651661706349207,0.8920734126984128,23.04732142857143,0.0,False,6,22
2016-04-18,138,1193.632245,119,8.64950902173913,2.6667049114331722,0.5296336553945249,22.990579710144925,0.0,False,0,22
2016-04-19,130,1122.141914,118,8.631860876923078,2.877104700854701,0.7723119658119658,21.840769230769233,0.0,False,1,22
2016-04-20,128,1268.963947,121,9.9137808359375,3.069157986111111,0.6911848958333333,18.86640625,0.0,False,2,22
2016-04-21,137,1210.657301,126,8.836914605839416,2.7326865369018654,0.5771492295214923,17.42189781021898,0.013138686131386862,False,3,22
2016-04-22,148,1240.912759,129,8.38454566891892,2.759039039039039,0.6734553303303303,14.193918918918918,0.793918918918919,False,4,22
2016-04-23,111,977.277977,96,8.8043060990991,3.0704304304304304,1.19268018018018,15.045945945945945,0.0,False,5,22
2016-04-24,89,767.328435,78,8.621667808988764,2.593873283395755,0.7571660424469413,14.657303370786517,0.0,False,6,22
2016-04-25,128,1201.375274,118,9.385744328125,3.0963541666666665,0.8452039930555556,13.022656249999999,0.0,False,0,22
2016-04-26,147,1184.267699,120,8.056242850340135,2.5925340136054422,0.5787962962962964,14.033333333333333,0.0,False,1,22
2016-04-27,148,1217.467733,130,8.226133331081082,2.5367286036036036,0.5791084834834835,12.725675675675676,0.2952702702702703,False,2,22
2016-04-28,129,1146.486496,112,8.887492217054264,2.757172695951766,0.6574181739879414,15.057364341085272,0.0,False,3,22
2016-04-29,159,1189.124395,143,7.478769779874214,2.484344863731656,0.5956830887491265,14.191194968553459,0.0,False,4,22
2016-04-30,124,1042.963637,111,8.410997072580646,2.601507616487455,0.771709229390681,19.845161290322583,0.0,False,5,22
2016-05-01,112,995.443258,94,8.887886232142858,2.5209796626984127,0.5811458333333334,21.579464285714288,0.0,False,6,22
2016-05-02,135,1142.759065,123,8.464881962962963,2.665670781893004,0.5561975308641975,18.11111111111111,0.0,False,0,22
2016-05-03,136,1140.774702,119,8.388049279411764,2.5182659313725493,0.4826654411764706,17.74705882352941,0.0,False,1,22
2016-05-04,147,1221.86949,133,8.312037346938776,2.667314814814815,0.6234826152683295,16.32857142857143,0.0,False,2,22
2016-05-05,137,1181.033181,123,8.620680153284672,2.8366078669910784,0.7120904298459043,15.857664233576642,0.00948905109489051,False,3,22
2016-05-06,135,1073.239374,120,7.949921288888889,2.4978477366255145,0.5077057613168724,13.792592592592593,0.2762962962962963,False,4,22
2016-05-07,120,857.102135,108,7.142517791666666,2.537523148148148,0.7909398148148148,14.246666666666666,0.33,False,5,22
2016-05-08,113,1093.412858,94,9.676219982300884,2.6630235988200592,0.6824016715830874,16.030973451327434,0.0,False,6,22
2016-05-09,130,1240.062713,117,9.538943946153847,2.909034188034188,0.6165299145299146,15.170769230769231,0.0,False,0,22
2016-05-10,153,1251.815893,144,8.181803222222221,2.728809005083515,0.688458605664488,17.458169934640523,0.0,False,1,22
2016-05-11,142,1182.260836,131,8.325780535211267,2.584131455399061,0.5152171361502347,17.653521126760566,0.0,False,2,22
2016-05-12,141,1252.411072,126,8.882348028368796,2.830161544523247,0.690198975571316,17.154609929078017,0.0,False,3,22
2016-05-13,139,1190.163037,125,8.562324007194245,2.844984012789768,0.7074820143884892,15.310071942446042,0.0,False,4,22
2016-05-14,111,1020.923427,98,9.19750835135135,2.887364864864865,0.8778928928928929,17.002702702702702,0.0,False,5,22
2016-05-15,104,859.79626,94,8.267271730769231,2.4824492521367523,0.6036725427350428,16.460576923076925,0.0,False,6,22
2016-05-16,133,1299.075032,122,9.767481443609022,3.164331662489557,0.7636111111111111,17.9187969924812,0.0,False,0,22
2016-05-17,141,1065.53459,125,7.556982907801419,2.6695232466509062,0.6424290780141844,23.01985815602837,0.0,False,1,22
2016-05-18,151,1183.214379,144,7.835856814569537,2.582628771155261,0.6313189845474614,23.3476821192053,0.0,False,2,22
2016-05-19,152,1259.585072,126,8.286743894736842,2.5247605994152047,0.5343640350877192,15.228947368421052,0.0,False,3,22
2016-05-20,147,1094.043775,127,7.442474659863946,2.592103174603175,0.7124489795918367,13.243537414965987,0.0,False,4,22
2016-05-21,121,1075.349942,96,8.887189603305785,2.8366391184573003,0.8608310376492195,14.794214876033058,0.049586776859504134,False,5,22
2016-05-22,113,981.496073,94,8.685805955752212,2.8846509341199607,0.9395894788593904,15.401769911504426,0.0,False,6,22
2016-05-23,131,1168.289312,117,8.918239022900764,2.8075021204410517,0.6544932145886344,14.935877862595419,0.009160305343511452,False,0,22
2016-05-24,128,1190.237542,114,9.298730796875,3.064047309027778,0.8665646701388889,15.275,0.0,False,1,22
2016-05-25,145,1132.340818,124,7.8092470206896545,2.5966819923371647,0.6365747126436782,15.73793103448276,0.0,False,2,22
2016-05-26,144,1230.815097,130,8.547327062499999,2.8479185956790123,0.7279918981481481,16.679861111111112,0.0,False,3,22
2016-05-27,139,1211.78816,125,8.717900431654677,3.019926059152678,0.8947621902478017,19.714388489208634,0.0,False,4,22
2016-05-28,107,822.031867,93,7.682540813084112,2.3544184839044653,0.6101142263759086,23.764485981308415,0.0,False,5,22
2016-05-29,103,816.468047,88,7.926874242718446,2.4365560949298812,0.7068824163969795,20.546601941747575,0.0,False,6,22
2016-05-30,76,748.653417,70,9.850702855263158,3.3967324561403505,1.2311951754385964,22.55263157894737,0.0,True,0,22
2016-05-31,136,1184.599641,119,8.710291477941176,2.7507536764705884,0.6473447712418301,23.863235294117647,0.0,False,1,22
2016-06-01,144,1172.402866,128,8.141686569444444,2.6912712191358024,0.699483024691358,22.304861111111112,0.0,False,2,22
2016-06-02,139,1256.191391,127,9.037348136690648,2.77091726618705,0.6380535571542766,22.973381294964028,0.0,False,3,22
2016-06-03,142,1190.419157,121,8.383233500000001,2.6342781690140846,0.6473415492957747,26.633802816901408,0.0,False,4,22
2016-06-04,114,814.271984,94,7.1427367017543855,2.0173172514619884,0.40787280701754386,24.996491228070173,0.0,False,5,22
2016-06-05,89,810.753063,78,9.10958497752809,2.9042540574282145,0.8262172284644195,22.64943820224719,0.0,False,6,22
2016-06-06,133,1117.981193,123,8.405873631578947,2.7093253968253967,0.6849519632414369,19.584962406015038,0.0,False,0,22
2016-06-07,152,1188.964858,132,7.822137223684211,2.6612317251461985,0.7690332602339182,19.32236842105263,0.0,False,1,22
2016-06-08,131,1078.001895,118,8.229022099236643,3.0968469041560645,1.044308736217133,16.947328244274807,0.0,False,2,22
2016-06-09,133,1181.923365,119,8.886641842105265,3.0123851294903927,0.8675814536340852,16.60827067669173,0.0,False,3,22
2016-06-10,116,1009.471243,102,8.702338301724138,2.820124521072797,0.7104190613026821,17.2448275862069,0.0,False,4,22
2016-06-11,116,854.324463,97,7.364866060344828,2.532145593869732,0.862844827586207,22.69051724137931,0.0,False,5,22
2016-06-12,87,734.5844960000001,80,8.44349995402299,2.538521711366539,0.7305523627075351,20.362068965517242,0.0,False,6,22
2016-06-13,124,1162.719666,109,9.3767715,3.0257773297491037,0.787703853046595,17.004032258064516,0.0,False,0,22
2016-06-14,139,1212.407825,120,8.72235845323741,2.9414948041566746,0.8528077537969624,15.318705035971224,0.0,False,1,22
2016-06-15,142,1163.092641,118,8.190793246478872,2.8758763693270737,0.8530438184663537,15.198591549295774,0.0,False,2,22
2016-06-16,131,1036.482808,117,7.9120825038167935,2.630447413061917,0.6454007633587786,18.73206106870229,0.0,False,3,22
2016-06-17,137,1109.092685,117,8.09556704379562,2.61088402270884,0.6875101378751013,19.357664233576642,0.0,False,4,22
2016-06-18,115,917.30755,100,7.9765873913043475,2.517012077294686,0.7743357487922705,20.092173913043478,0.0,False,5,22
2016-06-19,114,1163.844986,104,10.20916654385965,2.7858747563352826,0.5914839181286549,24.849122807017544,0.0,False,6,22
2016-06-20,130,1085.932726,115,8.35332866153846,2.759386752136752,0.6838803418803419,22.15,0.0,False,0,22
2016-06-21,143,1166.453523,125,8.157017643356642,2.7264801864801864,0.7531915306915307,23.69160839160839,0.0,False,1,22
2016-06-22,130,1122.069187,114,8.63130143846154,2.7431688034188033,0.6680897435897435,19.947692307692307,0.0,False,2,22
2016-06-23,136,1086.816259,119,7.991296022058823,2.533921568627451,0.5983517156862745,19.574264705882353,0.0,False,3,22
2016-06-24,135,1127.831278,124,8.354305762962964,2.7896193415637858,0.8057448559670782,20.21777777777778,0.0,False,4,22
2016-06-25,103,993.742883,90,9.647989155339806,2.882259978425027,0.7213807982740023,24.68640776699029,0.0,False,5,22
2016-06-26,102,955.012826,91,9.362870843137255,2.8801824618736385,0.7203812636165577,24.199019607843137,0.0,False,6,22
2016-06-27,122,985.374871,110,8.076843204918033,2.7557103825136613,0.7070947176684881,24.675409836065576,0.0,False,0,22
2016-06-28,120,999.455204,105,8.328793366666666,2.6319560185185185,0.5036944444444444,23.06,0.0,False,1,22
2016-06-29,129,1094.110359,118,8.481475651162791,2.7536864771748495,0.7129457364341085,20.610852713178296,0.0,False,2,22
2016-06-30,121,965.809357,109,7.981895512396694,2.5358471074380162,0.6153489439853077,22.18512396694215,0.0,False,3,22
2016-07-01,137,1133.492571,117,8.273668401459854,2.680786699107867,0.710859691808597,21.023357664233576,0.0,False,4,22
2016-07-02,100,756.556999,85,7.56556999,2.3099138888888886,0.7066666666666666,20.721,0.0,False,5,22
2016-07-03,81,730.367845,71,9.016886975308642,2.994002057613169,0.9858641975308643,20.917283950617282,0.0,False,6,22
2016-07-04,70,738.59486,66,10.551355142857144,2.9131666666666667,0.6823333333333333,20.397142857142857,0.0,True,0,22
2016-07-05,130,1149.169362,117,8.839764323076924,2.673886752136752,0.5031794871794871,18.56230769230769,0.0,False,1,22
2016-07-06,129,1075.618932,118,8.338131255813954,2.7535594315245477,0.7026421188630491,17.63953488372093,0.0,False,2,22
2016-07-07,134,1079.669684,120,8.057236447761193,2.7248880597014926,0.6989738805970149,17.013432835820897,0.0,False,3,22
2016-07-08,143,1217.012337,127,8.510575783216783,2.3599533799533803,0.311989121989122,18.384615384615383,0.0,False,4,22
2016-07-09,108,842.935904,95,7.804962074074075,2.6391460905349793,0.906005658436214,19.60185185185185,0.0,False,5,22
2016-07-10,99,908.122582,88,9.172955373737373,2.8879573512906846,0.9354517396184063,20.68686868686869,0.0,False,6,22
2016-07-11,138,1113.53188,115,8.0690715942029,2.7958252818035425,0.7298268921095008,21.257971014492753,0.0,False,0,22
2016-07-12,131,1053.05811,116,8.038611526717556,2.5866030534351148,0.5752714164546225,19.35114503816794,0.0,False,1,22
2016-07-13,144,1085.685743,127,7.539484326388889,2.8797743055555554,0.9091493055555555,23.165972222222223,0.0,False,2,22
2016-07-14,150,1227.8868870000001,131,8.18591258,2.847837037037037,0.8278092592592592,24.251333333333335,0.0,False,3,22
2016-07-15,127,1031.95271,109,8.12561188976378,2.5468219597550306,0.5694138232720909,22.45196850393701,0.0,False,4,22
2016-07-16,111,922.963681,94,8.314988117117117,3.010688188188188,1.1681656656656656,20.294594594594592,0.0,False,5,22
2016-07-17,94,774.811177,84,8.242672095744682,2.6560313238770688,0.7549556737588653,19.092553191489362,0.0,False,6,22
2016-07-18,150,1138.893153,118,7.59262102,2.5834555555555556,0.7006796296296296,17.637333333333334,0.0,False,0,22
2016-07-19,138,1156.140597,127,8.377830413043478,2.909168679549114,0.7838788244766506,17.49927536231884,0.0,False,1,22
2016-07-20,140,1160.146729,127,8.28676235,2.7094761904761904,0.6970734126984126,19.44857142857143,0.0,False,2,22
2016-07-21,135,1093.182151,119,8.097645562962963,2.6292037037037037,0.569,18.843703703703703,0.0,False,3,22
2016-07-22,154,1158.343265,139,7.521709512987012,2.498465007215007,0.6723286435786435,21.972727272727273,0.0,False,4,22
2016-07-23,132,1016.654794,107,7.701930257575758,2.3976683501683502,0.6624852693602694,24.646212121212123,0.0,False,5,22
2016-07-24,123,992.845524,99,8.071914829268293,2.647669376693767,0.8203048780487806,24.396747967479676,0.0,False,6,22
2016-07-25,125,1185.282604,112,9.482260832,2.9641444444444445,0.7091955555555556,21.641599999999997,0.0,False,0,22
2016-07-26,139,1240.431357,123,8.923966597122302,3.086294964028777,0.9319024780175859,26.654676258992804,0.0,False,1,22
2016-07-27,149,1178.710981,129,7.910811953020134,2.730104399701715,0.7419910514541387,26.8751677852349,0.0,False,2,22
2016-07-28,152,1297.900535,132,8.538819309210526,2.8078654970760235,0.7182620614035088,24.530921052631577,0.0,False,3,22
2016-07-29,156,1200.148499,131,7.693259608974358,2.5261271367521365,0.6837802706552706,24.673717948717947,0.0,False,4,22
2016-07-30,119,971.665765,104,8.165258529411764,2.9067740429505133,1.126344537815126,23.742857142857144,0.0,False,5,22
2016-07-31,118,995.665811,103,8.437845855932203,2.800786252354049,0.9216713747645952,22.533898305084747,0.0,False,6,22
2016-08-01,146,1387.718175,124,9.504919006849315,2.994497716894977,0.7304927701674276,20.969863013698628,0.0,False,0,22
2016-08-02,145,1206.881954,128,8.323323820689655,2.762272030651341,0.7374272030651341,21.519310344827588,0.0,False,1,22
2016-08-03,149,1162.18689,129,7.799912013422818,2.7928337061894113,0.8352311707680836,21.64765100671141,0.0,False,2,22
2016-08-04,146,1207.807357,132,8.272653130136986,2.6642427701674274,0.6735844748858447,17.90821917808219,0.0,False,3,22
2016-08-05,145,1177.797212,127,8.122739393103448,2.777323754789272,0.7481973180076629,18.635862068965515,0.0,False,4,22
2016-08-06,113,916.552307,100,8.111082362831858,2.711482300884956,0.8410029498525073,18.07787610619469,0.0,False,5,22
2016-08-07,92,756.626307,85,8.224198989130434,2.6138586956521737,0.8589643719806763,19.57282608695652,0.0,False,6,22
2016-08-08,140,1273.992879,124,9.099949135714285,3.0927380952380954,0.8750376984126984,19.416428571428572,0.0,False,0,22
2016-08-09,140,1164.836188,116,8.320258485714286,2.856170634920635,0.7563234126984126,20.156428571428574,0.0,False,1,22
2016-08-10,141,1127.36043,122,7.995464042553191,2.620208825847124,0.6064007092198581,19.50851063829787,0.0,False,2,22
2016-08-11,141,1178.417154,122,8.357568468085105,2.653014184397163,0.563339243498818,21.00851063829787,0.0,False,3,22
2016-08-12,153,1225.007152,130,8.006582692810458,2.601038489469862,0.6514397240377632,21.46078431372549,0.0,False,4,22
2016-08-13,124,1003.47778,104,8.092562741935485,2.594634856630824,0.7629749103942652,23.448387096774194,0.0,False,5,22
2016-08-14,123,974.795179,102,7.925164056910568,2.201192411924119,0.4241147244805782,23.15528455284553,0.0,False,6,22
2016-08-15,141,1226.384292,120,8.697760936170212,2.824351851851852,0.7241272655634358,20.266666666666666,0.0,False,0,22
2016-08-16,148,1250.433287,128,8.448873560810812,2.727588213213213,0.6717173423423424,21.29189189189189,0.0,False,1,22
2016-08-17,148,1166.682791,125,7.882991831081081,2.833862612612613,0.844573948948949,22.45,0.0,False,2,22
2016-08-18,150,1292.730379,133,8.618202526666668,2.791611111111111,0.6946796296296296,21.938,0.0,False,3,22
2016-08-19,151,1222.833094,138,8.098232410596028,2.6082726269315675,0.6643543046357615,21.235761589403975,0.0,False,4,22
2016-08-20,128,988.560163,118,7.7231262734375,2.240913628472222,0.5596354166666666,21.13828125,0.0,False,5,22
2016-08-21,113,1009.682185,103,8.93524057522124,2.7009439528023598,0.7618952802359882,20.258407079646016,0.0,False,6,22
2016-08-22,156,1313.757907,136,8.421525044871794,2.954649216524216,0.8425587606837607,19.745512820512822,0.0,False,0,22
2016-08-23,143,1125.11449,120,7.867933496503496,2.633978243978244,0.5868473193473194,21.094405594405593,0.0,False,1,22
2016-08-24,156,1356.868593,139,8.697875596153846,3.1285665954415953,1.0150551994301993,19.67820512820513,0.0,False,2,22
2016-08-25,142,1252.887337,123,8.823150260563379,2.8791588419405323,0.7166490610328639,18.767605633802816,0.0,False,3,22
2016-08-26,146,1203.847466,122,8.245530589041095,2.597633181126332,0.5651826484018265,18.826027397260273,0.0,False,4,22
2016-08-27,133,1079.248922,114,8.11465354887218,2.62234753550543,0.8166833751044278,19.694736842105264,0.0,False,5,22
2016-08-28,125,1107.989045,107,8.86391236,2.823542222222222,0.8345377777777778,20.0872,0.0,False,6,22
2016-08-29,140,1197.287189,126,8.55205135,3.0010019841269844,0.787688492063492,18.365714285714283,0.0,False,0,22
2016-08-30,154,1319.080413,128,8.565457227272727,2.6999314574314575,0.6123520923520924,19.866233766233766,0.0,False,1,22
2016-08-31,155,1209.555234,133,7.803582154838709,2.601236559139785,0.6592096774193548,18.55483870967742,0.0,False,2,22
2016-09-01,135,1115.962715,122,8.26639048148148,2.895082304526749,0.7586337448559671,18.231851851851854,0.0,False,3,22
2016-09-02,133,1136.522385,113,8.545281090225563,2.8960756056808687,0.8112614870509607,19.43233082706767,0.0,False,4,22
2016-09-03,95,837.330424,80,8.814004463157895,3.092865497076023,1.1208830409356725,17.254736842105263,0.0,False,5,22
2016-09-04,92,702.793171,79,7.639056206521739,2.5349788647342995,0.772397342995169,18.432608695652174,0.0,False,6,22
2016-09-05,94,864.459292,72,9.19637544680851,2.80838061465721,0.7982949172576832,20.68723404255319,0.0,True,0,22
2016-09-06,144,1216.414096,126,8.447320111111111,2.753514660493827,0.6323167438271605,22.868055555555557,0.0,False,1,22
2016-09-07,138,1290.360173,128,9.350436036231883,3.0254770531400963,0.764609500805153,25.595652173913045,0.0,False,2,22
2016-09-08,142,1324.738633,128,9.329145302816901,3.1056064162754304,0.8272593896713615,20.501408450704226,0.0,False,3,22
2016-09-09,156,1196.445618,132,7.669523192307692,2.5546474358974356,0.6732549857549858,21.29423076923077,0.0,False,4,22
2016-09-10,107,903.09762,93,8.440164672897197,2.853369678089304,0.934968847352025,22.21869158878505,0.0,False,5,22
2016-09-11,104,1020.089861,95,9.80855635576923,3.009676816239316,0.9037366452991453,18.742307692307694,0.0,False,6,22
2016-09-12,148,1220.5625009999999,127,8.247043925675674,2.8382357357357355,0.8211899399399399,16.44054054054054,0.0,False,0,22
2016-09-13,160,1299.412635,138,8.12132896875,2.7911024305555556,0.7639288194444445,17.567500000000003,0.0,False,1,22
2016-09-14,142,1266.038548,129,8.915764422535212,2.9934252738654146,0.7537989045383411,19.617605633802814,0.0,False,2,22
2016-09-15,151,1319.7093380000001,134,8.739796940397351,2.9643782192788817,0.8266721854304636,19.597350993377482,0.0,False,3,22
2016-09-16,150,1219.705072,133,8.131367146666667,2.8196833333333333,0.8163740740740741,20.392,0.0,False,4,22
2016-09-17,127,1116.663809,110,8.792628417322835,2.954385389326334,0.9037445319335083,23.65196850393701,0.0,False,5,22
2016-09-18,122,1084.086688,107,8.885956459016395,2.722811930783242,0.7460746812386156,27.022131147540982,0.0,False,6,22
2016-09-19,146,1396.818126,129,9.567247438356164,3.19103500761035,0.9733143074581431,26.934931506849313,0.0,False,0,22
2016-09-20,134,1057.010615,113,7.888138917910447,2.673405887230514,0.692891791044776,21.97313432835821,0.0,False,1,22
2016-09-21,142,1252.202792,128,8.818329521126762,2.7311815336463225,0.654070813771518,17.438028169014082,0.0,False,2,22
2016-09-22,146,1250.893674,128,8.567764890410958,2.795232115677321,0.71095700152207,16.644520547945206,0.0,False,3,22
2016-09-23,145,1188.465737,135,8.196315427586207,2.705990421455939,0.6869137931034484,18.817931034482758,0.0,False,4,22
2016-09-24,129,1187.446762,113,9.205013658914728,2.819074074074074,0.736453488372093,23.269767441860466,0.0,False,5,22
2016-09-25,120,1124.935301,112,9.374460841666666,2.8866828703703704,0.7116435185185186,28.172500000000003,0.0,False,6,22
2016-09-26,149,1305.212133,131,8.759812973154363,2.846364653243848,0.665413870246085,29.44295302013423,0.0,False,0,22
2016-09-27,147,1328.587876,128,9.038012761904762,2.8480820105820106,0.6719822373393801,27.365986394557826,0.0,False,1,22
2016-09-28,153,1243.111395,138,8.124911078431373,2.60520697167756,0.614480755265069,22.830718954248365,0.0,False,2,22
2016-09-29,151,1246.7213160000001,132,8.256432556291392,2.6450073583517293,0.5965194996320824,18.906622516556293,0.0,False,3,22
2016-09-30,160,1371.657074,137,8.5728567125,2.6298802083333332,0.5328854166666667,15.273750000000001,0.0,False,4,22
2016-10-01,124,1002.272635,113,8.082843830645162,2.6685013440860215,0.8269668458781362,17.246774193548386,0.0,False,5,22
2016-10-02,121,1111.343471,108,9.184656785123966,2.999095500459137,0.8531542699724518,15.817355371900828,0.045454545454545456,False,6,22
2016-10-03,150,1253.401715,131,8.356011433333332,2.6087314814814815,0.5645981481481481,15.719333333333333,0.0,False,0,22
2016-10-04,165,1336.219875,143,8.098302272727272,2.7546228956228958,0.7850909090909091,16.90848484848485,0.0,False,1,22
2016-10-05,167,1426.113109,143,8.539599455089819,2.787977378576181,0.6635445775116434,17.162275449101795,0.0,False,2,22
2016-10-06,166,1490.254587,144,8.977437271084337,2.7502359437751007,0.6300953815261044,19.49277108433735,0.0,False,3,22
2016-10-07,156,1347.22963,139,8.636087371794872,2.736736111111111,0.6835683760683761,23.481410256410257,0.0,False,4,22
2016-10-08,144,1238.852167,126,8.603140048611111,2.855698302469136,0.9377932098765432,24.879166666666666,0.0,False,5,22
2016-10-09,123,1107.363635,107,9.00295638211382,2.946967028003613,0.9358965672990063,23.90813008130081,0.0,False,6,22
2016-10-10,154,1379.746299,125,8.959391551948052,2.919572510822511,0.813481240981241,18.75194805194805,0.0,True,0,22
2016-10-11,163,1314.408266,143,8.063854392638037,2.8149096796182684,0.8508299250170416,16.445398773006133,0.0,False,1,22
2016-10-12,142,1187.743894,127,8.36439361971831,2.982267214397496,0.9249334898278561,16.466901408450706,0.0,False,2,22
2016-10-13,147,1319.697247,129,8.977532292517008,3.022358276643991,0.8576266061980348,17.510884353741496,0.0,False,3,22
2016-10-14,150,1528.235982,133,10.18823988,3.2939944444444444,1.005425925925926,16.642666666666667,0.7886666666666666,False,4,22
2016-10-15,120,950.198463,103,7.9183205249999995,2.6980185185185186,0.8481759259259259,17.634166666666665,0.10166666666666667,False,5,22
2016-10-16,104,963.676839,90,9.266123451923077,2.6028766025641024,0.5118910256410256,16.604807692307695,1.1778846153846154,False,6,22
2016-10-17,151,1394.094579,134,9.232414430463576,2.8208811626195733,0.6026600441501103,16.325827814569536,0.010596026490066225,False,0,22
2016-10-18,163,1477.489635,142,9.064353588957054,2.7699795501022493,0.6523994546693933,16.096932515337425,0.0,False,1,22
2016-10-19,142,1171.133064,121,8.247415943661972,3.0277679968701094,1.0051584507042253,17.614084507042254,0.0,False,2,22
2016-10-20,149,1229.840059,128,8.253960127516779,2.786735645041014,0.7330704697986576,20.391946308724833,0.0,False,3,22
2016-10-21,157,1347.260291,140,8.581275738853504,2.8328113941967445,0.7454246284501062,18.662420382165607,0.0,False,4,22
2016-10-22,135,1189.53396,121,8.811362666666666,2.9240041152263374,0.9196460905349794,17.42888888888889,0.0,False,5,22
2016-10-23,112,993.917112,104,8.874259928571428,2.901331845238095,0.9088219246031747,17.18125,0.0,False,6,22
2016-10-24,136,1369.836871,122,10.072329933823529,3.1497753267973856,0.7293933823529413,15.914705882352942,0.0375,False,0,22
2016-10-25,151,1302.427976,132,8.625350834437086,2.6155592347314203,0.5624190581309787,17.573509933774833,0.1271523178807947,False,1,22
2016-10-26,162,1408.262949,145,8.692981166666666,2.946980452674897,0.8686025377229081,17.607407407407408,0.0006172839506172839,False,2,22
2016-10-27,142,1181.795,121,8.3225,2.800430359937402,0.761643192488263,17.332394366197185,0.46830985915492956,False,3,22
2016-10-28,149,1385.175,134,9.296476510067114,3.0730574198359433,0.846590231170768,17.104026845637584,0.4758389261744967,False,4,22
2016-10-29,134,1209.692,118,9.02755223880597,2.8385509950248755,0.8046724709784412,17.262686567164177,0.29029850746268654,False,5,22
2016-10-30,109,1089.973,102,9.99975229357798,3.1503975535168194,0.9663786952089705,15.349541284403669,0.7284403669724769,False,6,22
2016-10-31,146,1352.315,130,9.262431506849316,3.154041095890411,0.9719292237442922,14.7986301369863,0.06506849315068493,False,0,22
2016-11-01,158,1449.929,144,9.17676582278481,2.9487447257383965,0.7631258790436005,14.978481012658227,0.0018987341772151902,False,1,22
2016-11-02,149,1247.463,138,8.37223489932886,2.6692971662938105,0.563458240119314,15.98456375838926,0.0,False,2,22
2016-11-03,160,1461.726,144,9.135787500000001,3.0077708333333333,0.7888489583333333,16.788125,0.0,False,3,22
2016-11-04,147,1346.301,135,9.158510204081631,2.8334467120181404,0.6116950113378685,17.854421768707482,0.0,False,4,22
2016-11-05,144,1267.772,122,8.803972222222221,3.0566570216049382,1.0513368055555556,16.342361111111114,0.0,False,5,22
2016-11-06,132,1068.652,121,8.095848484848485,2.389739057239057,0.570307239057239,17.324242424242424,0.0,False,6,22
2016-11-07,131,1282.249,115,9.788160305343512,3.3054346904156064,0.9578541136556403,18.49770992366412,0.0,False,0,22
2016-11-08,146,1293.13,133,8.857054794520549,3.0292998477929984,0.921396499238965,18.905479452054795,0.0,False,1,22
2016-11-09,160,1347.263,141,8.420393749999999,2.6817222222222226,0.6812291666666667,19.115625,0.0,False,2,22
2016-11-10,149,1321.53,132,8.869328859060403,2.839931021625653,0.6845059656972409,19.814765100671142,0.0,False,3,22
2016-11-11,137,1250.31,124,9.126350364963503,3.242001216545012,0.9585421735604218,18.933576642335765,0.0,True,4,22
2016-11-12,125,1173.075,108,9.3846,2.554866666666667,0.5407133333333334,18.268,0.0,False,5,22
2016-11-13,133,1201.787,122,9.035992481203008,2.7464912280701754,0.7040225563909773,18.434586466165413,0.0,False,6,22
2016-11-14,145,1358.9569999999999,130,9.372117241379309,2.9900708812260537,0.732624521072797,17.078620689655175,0.0,False,0,22
2016-11-15,142,1268.939,128,8.93619014084507,2.9273513302034426,0.794612676056338,14.738028169014086,0.04014084507042254,False,1,22
2016-11-16,154,1385.25,140,8.99512987012987,2.9712409812409812,0.7591955266955267,12.041558441558442,0.0,False,2,22
2016-11-17,149,1303.128,129,8.745825503355704,2.6323359433258764,0.4790156599552573,12.721476510067115,0.0,False,3,22
2016-11-18,166,1452.407,144,8.749439759036145,2.8322456492637214,0.6187751004016064,13.271084337349398,0.0,False,4,22
2016-11-19,127,1079.069,110,8.496606299212598,2.8502843394575677,0.881496062992126,13.799999999999999,0.331496062992126,False,5,22
2016-11-20,115,938.853,104,8.163939130434782,2.6311521739130432,0.7181763285024154,13.631304347826086,0.7226086956521739,False,6,22
2016-11-21,143,1249.148,124,8.735300699300698,2.9507381507381507,0.7650524475524476,12.703496503496503,0.0,False,0,22
2016-11-22,155,1407.26,136,9.079096774193548,2.980215053763441,0.7685286738351255,11.969677419354838,0.0,False,1,22
2016-11-23,131,1157.757,120,8.83783969465649,2.8439906700593727,0.6514864291772688,12.46412213740458,0.038931297709923665,False,2,22
2016-11-24,66,689.756,59,10.450848484848484,3.0835311447811447,0.70378367003367,11.99090909090909,0.0,True,3,22
2016-11-25,102,921.889,94,9.038127450980392,3.0742728758169933,0.9438752723311546,11.880392156862746,0.0,False,4,22
2016-11-26,95,816.639,85,8.5962,2.712766081871345,0.8138859649122806,10.82,1.2673684210526317,False,5,22
2016-11-27,118,960.388,103,8.138881355932204,2.7765065913371,0.8634039548022598,11.280508474576271,0.01694915254237288,False,6,22
2016-11-28,151,1318.159,131,8.729529801324505,2.7820419426048564,0.6848601913171449,12.16158940397351,0.013245033112582781,False,0,22
2016-11-29,150,1461.017,135,9.740113333333333,3.098053703703704,0.7665185185185185,11.201333333333334,0.0,False,1,22
2016-11-30,148,1329.565,134,8.983547297297298,2.966570945945946,0.7479241741741742,11.083783783783785,0.02027027027027027,False,2,22
2016-12-01,159,1369.2830000000001,145,8.611842767295599,3.1907197763801536,1.0657197763801538,10.915094339622641,0.0,False,3,22
2016-12-02,141,1375.287,128,9.753808510638297,2.744972419227738,0.4649665090622537,10.576595744680851,0.0,False,4,22
2016-12-03,124,988.259,107,7.969830645161291,2.842535842293907,0.9021751792114695,12.94032258064516,0.0,False,5,22
2016-12-04,118,1042.696,103,8.836406779661017,2.5269091337099816,0.5481638418079097,12.307627118644067,0.0,False,6,22
2016-12-05,140,1285.288,124,9.18062857142857,2.9962420634920637,0.763672619047619,10.410714285714286,0.0,False,0,22
2016-12-06,160,1423.89,136,8.8993125,2.99253125,0.9115711805555555,9.008125,0.0,False,1,22
2016-12-07,141,1269.687,130,9.004872340425532,2.879574468085106,0.6538179669030733,8.731914893617022,0.2574468085106383,False,2,22
2016-12-08,150,1234.133,131,8.227553333333333,2.683064814814815,0.6057722222222222,12.794666666666666,0.06066666666666667,False,3,22
2016-12-09,151,1177.172,127,7.795841059602649,2.593544885945548,0.6676508462104489,14.398013245033113,0.006622516556291391,False,4,22
2016-12-10,115,910.355,102,7.916130434782609,3.1150652173913045,1.2202657004830917,14.38,0.9721739130434782,False,5,22
2016-12-11,108,1115.894,92,10.332351851851852,3.3072093621399175,1.001275720164609,10.31574074074074,0.0,False,6,22
2016-12-12,141,1300.982,123,9.22682269503546,2.9952935382190704,0.7556855791962175,11.915602836879431,0.0,False,0,22
2016-12-13,160,1467.524,140,9.172025,2.7987621527777775,0.5714305555555556,12.5825,0.0775,False,1,22
2016-12-14,142,1276.111,131,8.986697183098592,2.745817683881064,0.6132081377151799,13.840845070422535,0.0,False,2,22
2016-12-15,138,1293.687,130,9.374543478260868,3.026012479871176,0.7128522544283414,13.965942028985507,1.7920289855072464,False,3,22
2016-12-16,132,1375.322,121,10.41910606060606,3.3596359427609426,0.8271422558922559,9.343181818181819,0.0,False,4,22
2016-12-17,124,1024.423,106,8.261475806451612,2.78633064516129,0.8621706989247312,7.756451612903225,0.0,False,5,22
2016-12-18,118,952.784,101,8.074440677966102,2.6370621468926556,0.7131614877589454,7.121186440677966,0.0,False,6,22
2016-12-19,130,1261.316,109,9.70243076923077,3.114286324786325,0.833068376068376,7.821538461538461,0.0,False,0,22
2016-12-20,142,1117.099,115,7.866894366197182,2.5546987480438186,0.5285837245696401,9.73943661971831,0.0,False,1,22
2016-12-21,136,1178.596,114,8.66614705882353,2.7788235294117647,0.6598406862745098,10.704411764705881,0.0,False,2,22
2016-12-22,130,1057.417,114,8.133976923076922,2.5455021367521367,0.48935683760683757,10.875384615384615,0.0,False,3,22
2016-12-23,104,959.963,92,9.230413461538461,2.94346420940171,0.8467868589743589,10.289423076923079,0.925,False,4,22
2016-12-24,69,674.125,62,9.769927536231885,3.489082125603865,1.270402576489533,7.839130434782608,0.0,False,5,22
2016-12-25,33,388.03,31,11.758484848484848,2.989478114478114,0.44176767676767675,8.690909090909091,0.0,False,6,22
2016-12-26,78,752.923,71,9.652858974358974,2.560769230769231,0.5262962962962963,8.53076923076923,0.0,True,0,22
2016-12-27,125,1038.248,114,8.305984,2.336977777777778,0.3859977777777778,8.968,0.0,False,1,22
2016-12-28,112,944.474,92,8.432803571428572,2.7795684523809525,0.6814087301587302,9.627678571428572,0.0,False,2,22
2016-12-29,120,1196.999,106,9.974991666666666,3.137386574074074,0.6937615740740741,11.02,0.0,False,3,22
2016-12-30,116,968.836,101,8.35203448275862,2.7926364942528736,0.8298395593869732,11.117241379310345,0.0,False,4,22
2016-12-31,97,890.175,81,9.177061855670102,2.8958018327605957,0.7560252004581901,8.570103092783505,0.008247422680412371,False,5,22
2017-01-01,74,711.708,68,9.617675675675676,3.232030780780781,1.0705593093093093,9.64864864864865,0.002702702702702703,False,6,22
2017-01-02,108,894.885,99,8.285972222222222,2.5213477366255144,0.5639506172839506,8.700000000000001,0.11574074074074074,True,0,22
2017-01-03,135,1300.076,111,9.630192592592593,2.9610000000000003,0.6743168724279835,10.802222222222222,0.7755555555555556,False,1,22
2017-01-04,132,1127.01,115,8.537954545454545,3.05618265993266,0.8007112794612795,11.512878787878789,0.6946969696969697,False,2,22
2017-01-05,160,1372.0240000000001,141,8.57515,2.879237847222222,0.7325138888888889,7.73625,0.0,False,3,22
2017-01-06,137,1272.1009999999999,117,9.285408759124087,3.0473783454987835,0.7876885644768857,6.101459854014599,0.0007299270072992701,False,4,22
2017-01-07,106,833.31,99,7.861415094339622,2.7941850104821806,0.9589439203354297,13.274528301886791,0.23679245283018868,False,5,22
2017-01-08,82,652.032,72,7.951609756097562,2.5773780487804876,0.820870596205962,15.186585365853658,1.4634146341463414,False,6,22
2017-01-09,142,1383.336,128,9.741802816901409,3.2700919405320814,0.9424569640062598,12.158450704225352,0.18873239436619718,False,0,22
2017-01-10,123,981.551,108,7.980089430894309,3.135677506775068,1.074496386630533,12.942276422764229,1.1252032520325204,False,1,22
2017-01-11,148,1253.276,119,8.468081081081081,2.5860285285285287,0.48914602102102106,10.79054054054054,0.04256756756756757,False,2,22
2017-01-12,138,1264.478,123,9.162884057971015,2.938605072463768,0.7223148148148149,8.71231884057971,0.5152173913043478,False,3,22
2017-01-13,151,1240.396,138,8.214543046357615,2.820680647534952,0.7300496688741722,7.987417218543046,0.0,False,4,22
2017-01-14,123,1058.287,108,8.603959349593497,2.4807249322493226,0.5611133694670281,9.64959349593496,0.0,False,5,22
2017-01-15,98,1011.545,89,10.32188775510204,3.2743820861678006,0.9554280045351474,8.99795918367347,0.0,False,6,22
2017-01-16,118,1068.445,102,9.054618644067796,2.8644562146892656,0.6169703389830509,8.427118644067797,0.0,True,0,22
2017-01-17,160,1342.099,136,8.38811875,2.8279288194444443,0.7473819444444445,8.0725,0.0,False,1,22
2017-01-18,139,1110.7259999999999,117,7.9908345323741,2.7044284572342128,0.6929236610711431,10.4431654676259,0.7848920863309352,False,2,22
2017-01-19,147,1243.847,132,8.461544217687075,2.898754724111867,0.6742724867724867,9.94013605442177,0.31836734693877555,False,3,22
2017-01-20,149,1294.806,131,8.689973154362416,2.7701342281879193,0.5897054436987322,9.911409395973154,0.8100671140939597,False,4,22
2017-01-21,126,1120.305,108,8.891309523809523,2.721146384479718,0.7353284832451499,10.318253968253968,0.39365079365079364,False,5,22
2017-01-22,120,996.223,104,8.301858333333334,2.439625,0.6246111111111111,11.128333333333334,0.6216666666666666,False,6,22
2017-01-23,141,1392.487,118,9.875794326241135,3.2134791174152877,0.7696178092986604,7.891489361702128,0.03617021276595745,False,0,22
2017-01-24,154,1386.638,131,9.004142857142856,2.854480519480519,0.662884199134199,8.238961038961039,0.0012987012987012987,False,1,22
2017-01-25,155,1395.016,134,9.000103225806452,3.0204354838709677,0.7915555555555556,8.147741935483872,0.0,False,2,22
2017-01-26,140,1291.999,123,9.228564285714286,3.0184285714285712,0.7463293650793651,8.897142857142857,0.0,False,3,22
2017-01-27,159,1390.75,135,8.74685534591195,2.7610814116002795,0.5771331236897275,8.830188679245284,0.0,False,4,22
2017-01-28,119,1100.771,108,9.250176470588235,2.8144117647058824,0.771951447245565,9.89579831932773,0.0,False,5,22
2017-01-29,112,1054.0,100,9.410714285714286,2.8169866071428573,0.7707911706349206,10.414285714285715,0.0,False,6,22
2017-01-30,155,1381.122,134,8.910464516129032,2.8825698924731182,0.7136971326164875,10.139354838709677,0.0,False,0,22
2017-01-31,152,1317.059,139,8.664861842105262,2.8495394736842106,0.6847733918128656,10.388815789473684,0.003947368421052633,False,1,22
2017-02-01,156,1269.892,133,8.140333333333334,2.769561965811966,0.6598539886039887,11.432051282051283,0.004487179487179488,False,2,22
2017-02-02,151,1326.606,135,8.785470198675497,2.7781861662987493,0.5731236203090508,14.068211920529803,0.05695364238410596,False,3,22
2017-02-03,151,1253.027,130,8.298192052980133,2.9298399558498893,0.8870198675496689,14.367549668874172,0.13973509933774836,False,4,22
2017-02-04,132,1218.886,109,9.233984848484848,2.8640782828282827,0.8459322390572391,14.190909090909091,0.02575757575757576,False,5,22
2017-02-05,106,990.903,95,9.348141509433962,3.267890461215933,1.0211320754716982,12.783018867924529,0.1358490566037736,False,6,22
2017-02-06,145,1234.3799999999999,127,8.512965517241378,2.697249042145594,0.604992337164751,14.041379310344828,0.13586206896551722,False,0,22
2017-02-07,137,1253.998,124,9.1532700729927,3.057451338199513,0.6739882400648824,16.121897810218975,0.5109489051094891,False,1,22
2017-02-08,160,1323.482,138,8.2717625,2.5935815972222223,0.5709652777777777,16.701875,0.113125,False,2,22
2017-02-09,141,1142.218,128,8.100836879432624,2.9681382978723403,0.8759653270291569,15.081560283687944,1.1524822695035462,False,3,22
2017-02-10,156,1284.022,140,8.230910256410256,2.7163550569800567,0.6893767806267805,13.388461538461538,0.4967948717948718,False,4,22
2017-02-11,134,1153.595,120,8.608917910447762,2.691169154228856,0.7486359867330017,11.228358208955223,0.0,False,5,22
2017-02-12,114,1016.332,104,8.91519298245614,2.9556067251461986,0.9119152046783626,12.542105263157895,0.0,False,6,22
2017-02-13,154,1421.084,130,9.227818181818183,3.0780068542568544,0.8292099567099568,11.187662337662339,0.0,False,0,22
2017-02-14,151,1250.888,130,8.284026490066225,2.731924208977189,0.6572240618101545,13.667549668874173,0.0,False,1,22
2017-02-15,146,1248.341,127,8.550280821917807,2.7862119482496195,0.6295471841704718,14.232876712328768,0.0,False,2,22
2017-02-16,134,1049.288,117,7.830507462686567,2.6279000829187398,0.6360033167495854,15.433582089552239,0.20671641791044776,False,3,22
2017-02-17,127,1133.245,111,8.923188976377952,3.1221587926509184,0.9346216097987752,12.568503937007874,2.5614173228346457,False,4,22
2017-02-18,119,1065.922,110,8.957327731092438,2.805922035480859,0.663828197945845,11.482352941176469,0.0546218487394958,False,5,22
2017-02-19,105,971.418,97,9.2516,2.799626984126984,0.8306428571428571,11.366666666666667,0.22,False,6,22
2017-02-20,94,981.7040000000001,80,10.443659574468086,3.150118203309693,0.725177304964539,13.532978723404254,3.0031914893617024,True,0,22
2017-02-21,129,1165.589,113,9.035573643410853,2.9732213608957796,0.7475086132644272,12.172868217054264,0.2434108527131783,False,1,22
2017-02-22,137,1271.822,124,9.283372262773721,2.9696472019464717,0.7164172749391728,9.870072992700731,0.006569343065693431,False,2,22
2017-02-23,138,1318.543,124,9.554659420289854,3.2984158615136874,0.9412962962962964,8.376811594202898,0.0,False,3,22
2017-02-24,140,1212.221,125,8.658721428571429,2.8995416666666665,0.7848293650793651,8.052142857142856,0.0,False,4,22
2017-02-25,127,1079.678,110,8.50140157480315,2.613167104111986,0.6632742782152231,9.527559055118111,0.02677165354330709,False,5,22
2017-02-26,116,912.944,104,7.870206896551724,2.503479406130268,0.7187739463601532,9.756896551724138,0.007758620689655172,False,6,22
2017-02-27,140,1341.3799999999999,118,9.581285714285713,2.9982003968253967,0.7226369047619048,9.525714285714287,0.03357142857142857,False,0,22
2017-02-28,133,1268.413,118,9.53693984962406,3.0617481203007517,0.8177986633249791,9.377443609022556,0.0,False,1,22
2017-03-01,135,1139.982,123,8.44431111111111,2.8938559670781894,0.744462962962963,10.645925925925926,0.0,False,2,22
2017-03-02,141,1175.432,121,8.336397163120568,2.7800807722616234,0.6545468873128447,12.156028368794326,0.0,False,3,22
2017-03-03,145,1192.58,129,8.224689655172414,2.8038199233716474,0.7472777777777777,12.131724137931034,0.0,False,4,22
2017-03-04,121,1065.611,112,8.806702479338844,2.874106978879706,0.7977548209366392,13.119834710743802,0.046280991735537194,False,5,22
2017-03-05,119,983.283,108,8.262882352941176,2.7169234360410828,0.8225980392156863,8.675630252100841,0.3386554621848739,False,6,22
2017-03-06,142,1361.221,117,9.58606338028169,3.0259096244131456,0.7357237871674491,9.72323943661972,0.123943661971831,False,0,22
2017-03-07,143,1179.9470000000001,133,8.251377622377623,2.7643648018648017,0.6324514374514375,11.001398601398602,0.0,False,1,22
2017-03-08,149,1292.658,126,8.675557046979865,2.759407158836689,0.6463758389261746,12.972483221476509,0.0,False,2,22
2017-03-09,130,1184.95,120,9.115,2.9632414529914533,0.7060811965811966,14.243846153846155,0.0,False,3,22
2017-03-10,144,1258.435,128,8.739131944444445,2.8097029320987654,0.6777932098765432,14.802083333333334,0.0,False,4,22
2017-03-11,119,993.564,111,8.34927731092437,2.54046685340803,0.6975560224089636,16.000840336134452,0.0,False,5,22
2017-03-12,121,934.251,106,7.721082644628099,2.4991437098255282,0.815342056932966,16.41074380165289,0.0,False,6,22
2017-03-13,146,1353.182,130,9.2683698630137,2.8228272450532725,0.6113051750380517,16.736986301369864,0.0,False,0,22
2017-03-14,137,1216.562,123,8.880014598540145,3.1350060827250608,0.8844910786699108,17.894890510948905,0.0,False,1,22
2017-03-15,154,1215.29,138,7.891493506493506,2.595856782106782,0.5799188311688313,15.49090909090909,0.02077922077922078,False,2,22
2017-03-16,141,1171.144,129,8.305985815602837,2.72645390070922,0.6448010244286839,15.336879432624114,0.0,False,3,22
2017-03-17,144,1365.037,131,9.47942361111111,2.9825405092592594,0.7157716049382716,16.100694444444443,0.0,False,4,22
2017-03-18,118,958.455,105,8.1225,2.8307156308851225,0.8907886064030132,16.46949152542373,0.0,False,5,22
2017-03-19,108,1056.427,98,9.781731481481481,3.0622453703703707,0.911195987654321,15.126851851851852,0.0,False,6,22
2017-03-20,146,1299.551,123,8.901034246575342,2.714640410958904,0.5896461187214612,14.831506849315069,0.4404109589041096,False,0,22
2017-03-21,138,1224.042,124,8.86986956521739,2.9240136876006444,0.7763083735909824,15.99782608695652,0.24782608695652175,False,1,22
2017-03-22,157,1309.385,144,8.340031847133758,2.4955396319886765,0.4426326963906582,12.838216560509554,0.24777070063694268,False,2,22
2017-03-23,143,1314.714,128,9.193804195804196,2.8879545454545457,0.624020979020979,13.0006993006993,0.0,False,3,22
2017-03-24,125,1198.068,110,9.584544,3.1714333333333333,0.8543466666666667,12.7784,0.35919999999999996,False,4,22
2017-03-25,134,1075.187,116,8.023783582089552,2.570632255389718,0.6584867330016583,13.972388059701492,0.0,False,5,22
2017-03-26,112,1064.789,100,9.507044642857142,3.022936507936508,0.8025967261904762,13.270535714285714,0.02589285714285714,False,6,22
2017-03-27,151,1356.307,134,8.982165562913908,2.8316593083149377,0.6828366445916115,13.322516556291392,0.004635761589403974,False,0,22
2017-03-28,146,1423.432,130,9.749534246575342,3.010688736681887,0.6308980213089802,15.260958904109588,0.0,False,1,22
2017-03-29,152,1244.453,130,8.187190789473684,2.5103728070175437,0.5472916666666666,16.08092105263158,0.0,False,2,22
2017-03-30,150,1297.237,131,8.648246666666667,3.0183166666666668,0.8293555555555556,13.896666666666667,0.0006666666666666668,False,3,22
2017-03-31,150,1395.211,129,9.301406666666667,2.8365296296296294,0.6421185185185185,16.157999999999998,0.0,False,4,22
2017-04-01,116,916.037,106,7.896870689655173,2.47764367816092,0.6972964559386973,19.106034482758623,0.0,False,5,22
2017-04-02,113,942.6850000000001,103,8.342345132743363,2.462551622418879,0.5475147492625368,17.27787610619469,0.0,False,6,22
2017-04-03,128,1213.493,114,9.4804140625,2.865544704861111,0.5494900173611111,15.4109375,0.0,False,0,22
2017-04-04,127,1233.771,113,9.714732283464567,3.2532961504811895,0.8387642169728784,16.03779527559055,0.0,False,1,22
2017-04-05,134,1113.441,112,8.309261194029851,2.6000290215588726,0.5305762852404644,17.514179104477613,0.0,False,2,22
2017-04-06,123,1089.881,108,8.860821138211383,2.848407859078591,0.6295099367660344,16.327642276422765,0.3252032520325203,False,3,22
2017-04-07,134,1327.343,114,9.905544776119404,3.4598362354892203,1.021077943615257,15.211940298507463,0.24477611940298505,False,4,22
2017-04-08,113,1070.011,97,9.469123893805309,2.6117158308751227,0.568495575221239,11.543362831858408,0.09823008849557521,False,5,22
2017-04-09,114,947.14,101,8.308245614035087,2.7025438596491225,0.7656798245614035,12.346491228070175,0.0,False,6,22
2017-04-10,139,1273.941,123,9.165043165467626,3.053605115907274,0.7344284572342127,13.760431654676259,0.0,False,0,22
2017-04-11,139,1343.31,127,9.66410071942446,3.04449240607514,0.6982494004796164,15.854676258992807,0.031654676258992806,False,1,22
2017-04-12,145,1264.365,127,8.719758620689655,2.9466973180076628,0.8322107279693486,15.841379310344827,0.02413793103448276,False,2,22
2017-04-13,145,1201.9,124,8.28896551724138,2.788965517241379,0.6104425287356322,13.004827586206897,0.14896551724137932,False,3,22
2017-04-14,153,1408.759,127,9.207575163398692,2.795112563543936,0.5564433551198258,12.6359477124183,0.0,False,4,22
2017-04-15,118,1182.717,101,10.023025423728814,3.034041902071563,0.916713747645951,14.926271186440678,0.0,False,5,22
2017-04-16,97,828.596,88,8.542226804123711,2.91963058419244,0.8970131729667812,14.00721649484536,0.3701030927835051,False,6,22
2017-04-17,136,1307.966,119,9.617397058823528,2.948343545751634,0.6691401143790849,15.57573529411765,0.2433823529411765,False,0,22
2017-04-18,150,1290.328,134,8.602186666666666,2.810801851851852,0.694112962962963,14.880666666666666,0.02666666666666667,False,1,22
2017-04-19,154,1305.541,139,8.477538961038961,2.763252164502165,0.6416792929292929,15.549350649350648,0.0,False,2,22
2017-04-20,154,1400.414,136,9.093597402597403,2.728668831168831,0.5944642857142857,15.613636363636363,0.012987012987012988,False,3,22
2017-04-21,147,1387.632,129,9.439673469387756,3.1921164021164024,0.9061602418745276,17.555102040816326,0.0,False,4,22
2017-04-22,119,892.276,107,7.498117647058823,2.2818860877684406,0.5578034547152194,16.38403361344538,0.0,False,5,22
2017-04-23,123,956.453,102,7.776040650406504,2.386822493224932,0.5911901535682024,15.90650406504065,0.005691056910569106,False,6,22
2017-04-24,148,1343.462,136,9.077445945945946,2.6315765765765766,0.4554147897897898,14.787162162162161,0.03783783783783784,False,0,22
2017-04-25,138,1240.89,127,8.991956521739132,2.7125885668276974,0.5488184380032206,15.964492753623187,0.0,False,1,22
2017-04-26,150,1228.673,132,8.191153333333334,2.708616666666667,0.6387518518518519,16.089333333333332,0.0,False,2,22
2017-04-27,146,1320.871,133,9.047061643835617,2.793059360730594,0.5660216894977169,16.234246575342464,0.0,False,3,22
2017-04-28,147,1379.567,137,9.384809523809524,2.9394198790627364,0.7494349962207105,16.9421768707483,0.0,False,4,22
2017-04-29,123,1093.426,101,8.889642276422764,2.7017547425474255,0.6782317073170732,21.048780487804876,0.0,False,5,22
2017-04-30,113,1036.182,99,9.169752212389382,2.4729129793510323,0.43761307767944935,19.494690265486728,0.0,False,6,22
2017-05-01,140,1347.98,126,9.628428571428572,2.9011607142857145,0.5786607142857143,22.897142857142857,0.0,False,0,22
2017-05-02,147,1255.322,123,8.53960544217687,2.842154195011338,0.727704081632653,24.117687074829934,0.0,False,1,22
2017-05-03,161,1434.338,138,8.908931677018634,2.649872325741891,0.525351966873706,24.568944099378882,0.0,False,2,22
2017-05-04,137,1197.49,121,8.74080291970803,2.784144363341444,0.6135016220600161,19.727007299270074,0.0,False,3,22
2017-05-05,153,1370.883,127,8.960019607843137,2.8439197530864195,0.7751797385620914,16.394117647058824,0.0,False,4,22
2017-05-06,129,1115.787,107,8.649511627906977,2.4616688199827736,0.5573062015503876,15.268217054263566,0.0,False,5,22
2017-05-07,124,1075.254,120,8.67140322580645,2.58809811827957,0.6577105734767025,18.418548387096774,0.0,False,6,22
2017-05-08,153,1442.959,128,9.431104575163399,2.9125,0.7364197530864197,19.51045751633987,0.0,False,0,22
2017-05-09,151,1441.606,132,9.547059602649007,3.098476821192053,0.868980868285504,20.248344370860927,0.0,False,1,22
2017-05-10,156,1354.036,141,8.679717948717949,2.631198361823362,0.613917378917379,18.18076923076923,0.0,False,2,22
2017-05-11,160,1430.125,139,8.93828125,2.873236111111111,0.7368645833333333,17.545625,0.0,False,3,22
2017-05-12,154,1288.89,138,8.369415584415584,2.628340548340548,0.6079274891774892,15.14935064935065,0.004545454545454546,False,4,22
2017-05-13,144,1099.041,133,7.632229166666666,2.2906886574074075,0.5451832561728396,15.23611111111111,0.0,False,5,22
2017-05-14,124,976.929,101,7.878459677419355,2.3051052867383515,0.5339292114695341,15.870161290322581,0.0,False,6,22
2017-05-15,159,1602.154,136,10.076440251572327,3.16301537386443,0.7391125087351502,15.431446540880502,0.0,False,0,22
2017-05-16,162,1380.529,146,8.521783950617284,2.7534962277091903,0.7198199588477366,14.566049382716049,0.006790123456790124,False,1,22
2017-05-17,160,1399.086,144,8.7442875,2.816793402777778,0.7092934027777777,16.6125,0.0,False,2,22
2017-05-18,144,1324.666,132,9.199069444444444,3.0765027006172843,0.7935011574074075,19.70486111111111,0.0,False,3,22
2017-05-19,143,1358.044,124,9.49681118881119,2.9938170163170166,0.7879020979020979,22.276923076923076,0.0,False,4,22
2017-05-20,119,1093.758,99,9.191243697478992,2.735611577964519,0.699922969187675,23.354621848739495,0.0,False,5,22
2017-05-21,125,1016.399,114,8.131192,2.219584444444444,0.3885733333333333,23.961599999999997,0.0,False,6,22
2017-05-22,129,1313.051,121,10.17868992248062,3.0838544358311797,0.6086089577950043,19.86046511627907,0.0,False,0,22
2017-05-23,159,1431.297,134,9.001867924528302,2.9092487770789655,0.7699231306778477,18.92201257861635,0.0,False,1,22
2017-05-24,147,1335.691,135,9.086333333333334,2.9746409674981105,0.8332766439909297,19.027210884353742,0.0,False,2,22
2017-05-25,153,1452.19,137,9.491437908496732,2.8983514887436455,0.6615958605664488,17.869934640522875,0.0,False,3,22
2017-05-26,151,1633.973,125,10.821013245033113,3.237518395879323,0.8293524650478292,17.558940397350995,0.0,False,4,22
2017-05-27,120,934.558,97,7.787983333333333,2.2466944444444445,0.4510185185185185,18.433333333333334,0.0,False,5,22
2017-05-28,104,772.478,87,7.427673076923076,2.6178766025641025,0.8450160256410256,18.02403846153846,0.0,False,6,22
2017-05-29,101,1017.165,90,10.070940594059406,3.048699119911991,0.868589108910891,17.675247524752475,0.0,True,0,22
2017-05-30,156,1475.864,136,9.460666666666667,2.817033475783476,0.6111360398860399,16.46794871794872,0.011538461538461539,False,1,22
2017-05-31,157,1306.909,138,8.324261146496816,2.764079971691437,0.6938340410474169,19.351592356687895,0.0,False,2,22
2017-06-01,143,1491.319,128,10.428804195804195,3.2351262626262627,0.7985411810411811,19.314685314685313,0.0,False,3,22
2017-06-02,153,1380.021,136,9.019745098039216,2.7192047930283225,0.6051234567901235,20.937908496732025,0.0,False,4,22
2017-06-03,123,1055.077,111,8.577861788617886,2.6381233062330622,0.6682384823848238,20.38780487804878,0.0,False,5,22
2017-06-04,115,1120.276,99,9.741530434782609,2.6896449275362317,0.5722584541062802,19.684347826086956,0.0,False,6,22
2017-06-05,132,1364.546,122,10.337469696969697,3.2192908249158245,0.7407723063973064,20.19393939393939,0.0,False,0,22
2017-06-06,153,1354.091,138,8.850267973856209,2.801365286855483,0.6778576615831517,19.68496732026144,0.0,False,1,22
2017-06-07,147,1306.901,136,8.89048299319728,3.027985638699924,0.8031689342403628,18.961904761904762,0.0020408163265306124,False,2,22
2017-06-08,135,1117.867,123,8.280496296296295,2.6801275720164606,0.6376707818930042,19.22962962962963,0.006666666666666667,False,3,22
2017-06-09,132,1173.436,117,8.889666666666667,2.96375,0.8213783670033671,17.381818181818183,0.025,False,4,22
2017-06-10,123,1056.905,107,8.592723577235772,2.865752032520325,0.8403861788617887,17.424390243902437,0.0,False,5,22
2017-06-11,105,917.119,98,8.734466666666666,2.6212089947089945,0.7064391534391534,16.17047619047619,0.008571428571428572,False,6,22
2017-06-12,143,1340.91,133,9.376993006993008,2.885273892773893,0.6364840714840715,16.86923076923077,0.03496503496503497,False,0,22
2017-06-13,149,1325.402,133,8.895315436241612,2.6900298284862045,0.5964541387024609,19.143624161073827,0.0,False,1,22
2017-06-14,159,1387.687,138,8.727591194968554,2.8163522012578617,0.6923846960167716,20.771069182389937,0.0,False,2,22
2017-06-15,143,1332.357,124,9.317181818181817,3.011208236208236,0.7852389277389278,21.23076923076923,0.0,False,3,22
2017-06-16,155,1299.116,133,8.381393548387097,2.6337437275985662,0.578247311827957,23.950967741935486,0.0,False,4,22
2017-06-17,116,1007.556,99,8.685827586206896,2.7609626436781607,0.7428999042145594,26.285344827586208,0.0,False,5,22
2017-06-18,118,1029.18,109,8.72186440677966,2.632066854990584,0.5646963276836158,29.88389830508475,0.0,False,6,22
2017-06-19,143,1347.421,124,9.422524475524476,2.9623659673659675,0.6731138306138306,26.706993006993006,0.0,False,0,22
2017-06-20,152,1373.034,135,9.033118421052633,3.0537701023391812,0.7638797514619883,24.951315789473682,0.0,False,1,22
2017-06-21,150,1263.874,129,8.425826666666667,2.9755833333333332,0.8118296296296296,24.580666666666666,0.0,False,2,22
2017-06-22,153,1447.989,132,9.463980392156863,2.8501888162672477,0.5895315904139434,26.089542483660132,0.0,False,3,22
2017-06-23,156,1386.076,131,8.885102564102564,2.798126780626781,0.7126068376068376,22.30448717948718,0.0,False,4,22
2017-06-24,112,1033.482,101,9.227517857142857,2.708075396825397,0.7244791666666667,21.275892857142857,0.0,False,5,22
2017-06-25,113,965.042,95,8.540194690265487,2.706841199606686,0.6910127826941986,20.654867256637168,0.0,False,6,22
2017-06-26,153,1360.562,130,8.892562091503267,2.728393246187364,0.6374183006535948,21.07254901960784,0.0,False,0,22
2017-06-27,152,1415.603,133,9.313177631578947,3.048532529239766,0.8244005847953216,19.808552631578948,0.0,False,1,22
2017-06-28,157,1357.85,130,8.648726114649682,2.7286111111111113,0.7538977353149328,20.407006369426753,0.0,False,2,22
2017-06-29,155,1581.915,140,10.205903225806452,3.2120179211469533,0.7962903225806451,19.786451612903225,0.0,False,3,22
2017-06-30,136,1405.827,119,10.336963235294117,3.268845996732026,0.7903125,20.10955882352941,0.0,False,4,22
2017-07-01,116,948.557,100,8.177215517241379,2.6532231800766284,0.782507183908046,20.113793103448273,0.0,False,5,22
2017-07-02,105,936.827,89,8.922161904761905,2.6964391534391536,0.788074074074074,22.835238095238093,0.0,False,6,22
2017-07-03,132,1125.426,113,8.525954545454544,2.6755281986531987,0.6586174242424242,21.671212121212122,0.0,False,0,22
2017-07-04,85,738.083,68,8.683329411764706,2.6736307189542483,0.7280653594771241,21.468235294117648,0.0,True,1,22
2017-07-05,134,1297.974,120,9.686373134328358,3.040184494195688,0.7711733001658375,20.030597014925373,0.0,False,2,22
2017-07-06,145,1262.547,122,8.707220689655173,2.650764367816092,0.5881647509578545,22.404827586206896,0.0,False,3,22
2017-07-07,131,1225.078,119,9.351740458015266,2.950795165394402,0.6853074639525021,25.20763358778626,0.0,False,4,22
2017-07-08,115,1109.583,106,9.648547826086958,2.9492922705314006,0.7456714975845411,27.60782608695652,0.0,False,5,22
2017-07-09,108,867.487,98,8.032287037037037,2.5427031893004113,0.7414248971193416,24.75462962962963,0.0,False,6,22
2017-07-10,138,1256.733,122,9.106760869565218,3.025919887278583,0.8495994363929147,23.32246376811594,0.0,False,0,22
2017-07-11,146,1297.946,134,8.89004109589041,2.951111111111111,0.7772945205479452,23.35684931506849,0.0,False,1,22
2017-07-12,146,1222.131,131,8.370760273972603,2.5842161339421614,0.595003805175038,22.221917808219178,0.0,False,2,22
2017-07-13,132,1193.865,117,9.044431818181819,2.844263468013468,0.6159553872053872,22.238636363636363,0.0,False,3,22
2017-07-14,132,1270.579,121,9.625598484848485,3.2109364478114477,0.9774621212121213,22.374242424242425,0.0,False,4,22
2017-07-15,108,894.993,92,8.286972222222223,2.8063245884773664,0.8660030864197531,25.26666666666667,0.0,False,5,22
2017-07-16,104,903.273,95,8.685317307692308,2.5454220085470087,0.6330208333333333,28.618269230769233,0.0,False,6,22
2017-07-17,137,1245.703,120,9.092722627737226,2.9707157339821575,0.7831062449310625,25.030656934306567,0.0,False,0,22
2017-07-18,143,1328.913,132,9.293097902097902,2.7416822066822064,0.47693473193473196,20.265034965034964,0.0,False,1,22
2017-07-19,144,1214.468,134,8.433805555555557,2.5985667438271607,0.5266743827160494,21.953472222222224,0.0,False,2,22
2017-07-20,143,1295.973,132,9.062748251748252,2.9648795648795647,0.7357206682206683,21.151748251748252,0.0,False,3,22
2017-07-21,139,1225.112,126,8.813755395683454,2.7020043964828138,0.6482314148681055,21.228057553956834,0.0,False,4,22
2017-07-22,129,1122.302,120,8.700015503875969,2.5167334194659774,0.5364621016365203,24.962015503875968,0.0,False,5,22
2017-07-23,99,882.134,86,8.910444444444444,2.810039281705948,0.8298456790123456,23.605050505050507,0.0,False,6,22
2017-07-24,122,1207.047,112,9.893827868852458,2.891418488160291,0.6213615664845172,24.072131147540986,0.0,False,0,22
2017-07-25,127,1222.435,115,9.62547244094488,3.1082042869641295,0.8281146106736658,21.11574803149606,0.0,False,1,22
2017-07-26,128,1140.77,111,8.912265625,3.0542469618055557,0.8443098958333334,21.253125,0.0,False,2,22
2017-07-27,127,1137.985,112,8.960511811023622,2.82426290463692,0.6873884514435695,22.695275590551184,0.0,False,3,22
2017-07-28,136,1209.779,120,8.895433823529412,2.9033721405228756,0.777483660130719,23.093382352941177,0.0,False,4,22
2017-07-29,110,946.846,99,8.607690909090909,2.3970580808080806,0.536770202020202,21.902727272727276,0.0,False,5,22
2017-07-30,93,852.516,87,9.16683870967742,2.8218847072879334,0.8246266427718041,20.51290322580645,0.0,False,6,22
2017-07-31,136,1218.062,120,8.956338235294117,2.52031454248366,0.42977328431372547,20.821323529411764,0.0,False,0,22
2017-08-01,89,668.549,78,7.511786516853932,2.075461922596754,0.23630461922596752,21.635955056179778,0.0,False,1,22
2017-08-02,98,761.662,88,7.772061224489796,2.2143877551020408,0.31943027210884356,23.533673469387757,0.0,False,2,22
2017-08-03,103,745.106,90,7.234038834951456,1.9647437971952535,0.27477346278317155,24.979611650485438,0.0,False,3,22
2017-08-04,104,728.817,93,7.007855769230769,2.0258306623931626,0.3268162393162393,23.90576923076923,0.0,False,4,22
2017-08-05,88,522.485,76,5.937329545454546,1.5569444444444445,0.23865530303030302,22.106818181818184,0.038636363636363635,False,5,22
2017-08-06,79,594.027,69,7.5193291139240515,1.9184880450070325,0.2590154711673699,22.72278481012658,0.0,False,6,22
2017-08-07,82,655.954,71,7.999439024390243,2.1545257452574527,0.24593157181571815,21.582926829268292,0.0,False,0,22
2017-08-08,97,743.866,87,7.668721649484536,2.1188717067583047,0.24509736540664376,21.826804123711337,0.0,False,1,22
2017-08-09,93,654.473,82,7.037344086021505,1.9287753882915173,0.26893966547192355,21.674193548387098,0.0,False,2,22
2017-08-10,103,854.332,94,8.294485436893204,2.2000943905070116,0.2600107874865157,21.867961165048545,0.0,False,3,22
2017-08-11,106,789.526,101,7.448358490566037,2.104979035639413,0.22747641509433963,21.60566037735849,0.0,False,4,22
2017-08-12,73,578.403,65,7.923328767123288,2.2461986301369863,0.5265639269406392,21.88082191780822,0.0,False,5,22
2017-08-13,75,548.689,66,7.315853333333333,1.9334444444444443,0.32367407407407406,22.749333333333333,0.0,False,6,22
2017-08-14,88,620.466,77,7.05075,1.8893623737373737,0.1859943181818182,20.12840909090909,0.0,False,0,22
2017-08-15,91,662.391,82,7.279021978021977,1.985958485958486,0.19702075702075703,20.09010989010989,0.0,False,1,22
2017-08-16,115,838.239,100,7.289034782608696,2.076024154589372,0.2725024154589372,22.53739130434783,0.0,False,2,22
2017-08-17,91,701.139,86,7.704824175824176,2.0035653235653235,0.18797619047619046,22.068131868131868,0.0,False,3,22
2017-08-18,100,682.853,88,6.82853,1.9075222222222223,0.30735,22.1,0.0,False,4,22
2017-08-19,80,490.243,68,6.1280375,1.5529618055555556,0.16809722222222223,22.244999999999997,0.0,False,5,22
2017-08-20,76,540.986,62,7.118236842105263,1.8348501461988305,0.33107090643274856,22.736842105263158,0.0,False,6,22
2017-08-21,79,635.89,69,8.049240506329113,2.2936779184247538,0.34924402250351616,22.769620253164558,0.0,False,0,22
2017-08-22,87,596.168,79,6.852505747126437,2.1614591315453384,0.41619731800766285,21.688505747126438,0.0,False,1,22
2017-08-23,92,708.231,82,7.698163043478261,2.3486564009661834,0.4713345410628019,22.505434782608695,0.0,False,2,22
2017-08-24,88,745.718,83,8.474068181818181,2.25510101010101,0.27824810606060607,21.61818181818182,0.0,False,3,22
2017-08-25,107,738.222,91,6.899271028037383,1.8538681204569054,0.2624532710280374,22.400000000000002,0.0,False,4,22
2017-08-26,93,740.272,84,7.959913978494624,2.0094862604540022,0.30135603345280765,24.46344086021505,0.0,False,5,22
2017-08-27,82,617.988,74,7.536439024390244,1.8084654471544714,0.18719173441734419,26.990243902439023,0.0,False,6,22
2017-08-28,88,659.115,80,7.489943181818182,2.236300505050505,0.3630334595959596,24.32159090909091,0.0,False,0,22
2017-08-29,93,728.135,86,7.829408602150537,2.200194145758662,0.30694743130227004,22.177419354838708,0.0,False,1,22
2017-08-30,101,769.022,88,7.614079207920793,2.060783828382838,0.2550880088008801,22.53960396039604,0.0,False,2,22
2017-08-31,101,712.21,94,7.051584158415842,1.9248652365236525,0.18182068206820684,24.873267326732673,0.0,False,3,22
2017-09-01,93,739.383,86,7.950354838709678,2.0781362007168456,0.22169952210274788,32.894623655913975,0.0,False,4,22
2017-09-02,69,461.136,63,6.683130434782609,1.9724114331723028,0.47304750402576495,34.92173913043478,0.0,False,5,22
2017-09-03,65,420.313,57,6.466353846153846,1.5422435897435898,0.12270512820512822,31.786153846153844,0.0,False,6,22
2017-09-04,39,273.879,35,7.022538461538462,1.7813532763532764,0.13123931623931623,30.102564102564102,0.010256410256410256,True,0,22
2017-09-05,85,644.759,77,7.5854,2.008918300653595,0.24916339869281046,25.8,0.0,False,1,22
2017-09-06,84,676.795,73,8.057083333333333,2.1715145502645505,0.25182208994709,24.348809523809525,0.0,False,2,22
2017-09-07,100,698.835,95,6.9883500000000005,1.9023111111111113,0.21218333333333333,23.176,0.0,False,3,22
2017-09-08,94,745.884,87,7.934936170212766,2.1925709219858156,0.36878546099290777,21.95851063829787,0.0,False,4,22
2017-09-09,65,437.878,59,6.736584615384615,1.7472905982905982,0.15150854700854702,24.743076923076924,0.0,False,5,22
2017-09-10,73,579.053,70,7.9322328767123285,1.8871042617960427,0.18401826484018266,27.473972602739725,0.0,False,6,22
2017-09-11,73,619.259,67,8.483,2.3302701674277015,0.3640487062404871,27.053424657534247,0.012328767123287671,False,0,22
2017-09-12,88,690.241,81,7.843647727272727,2.093677398989899,0.2840656565656566,25.32045454545454,0.0,False,1,22
2017-09-13,91,649.967,84,7.142494505494505,2.0769749694749695,0.30707570207570206,24.082417582417584,0.004395604395604396,False,2,22
2017-09-14,92,707.997,83,7.695619565217391,2.020661231884058,0.1522493961352657,20.73695652173913,0.0,False,3,22
2017-09-15,107,781.856,98,7.307065420560748,2.115301142263759,0.3685098650051921,20.28317757009346,0.0,False,4,22
2017-09-16,78,658.589,69,8.44344871794872,2.1608938746438744,0.38334401709401705,22.058974358974357,0.0,False,5,22
2017-09-17,76,526.29,69,6.924868421052631,1.7371893274853802,0.1673464912280702,22.010526315789473,0.0,False,6,22
2017-09-18,84,752.74,78,8.961190476190476,2.391488095238095,0.37247354497354496,20.946428571428573,0.0,False,0,22
2017-09-19,99,737.167,90,7.446131313131313,1.9921913580246915,0.26841750841750844,20.113131313131312,0.0,False,1,22
2017-09-20,100,839.828,92,8.39828,2.4499194444444443,0.45771388888888886,19.843,0.009000000000000001,False,2,22
2017-09-21,98,771.168,90,7.869061224489796,2.4400736961451246,0.5316043083900227,17.533673469387754,0.0,False,3,22
2017-09-22,97,667.501,87,6.881453608247423,2.1597451317296676,0.45326746849942723,18.16082474226804,0.0,False,4,22
2017-09-23,89,672.6370000000001,77,7.557719101123596,1.952006866416979,0.21510299625468166,21.38314606741573,0.0,False,5,22
2017-09-24,74,578.808,64,7.8217297297297295,2.104876126126126,0.4662537537537538,22.91351351351351,0.0,False,6,22
2017-09-25,98,728.046,93,7.429040816326531,2.256590136054422,0.46906746031746027,23.05816326530612,0.0,False,0,22
2017-09-26,90,673.791,83,7.4865666666666675,2.258067901234568,0.44252469135802475,25.00111111111111,0.0,False,1,22
2017-09-27,95,713.811,85,7.513800000000001,2.386915204678363,0.5074590643274853,26.64421052631579,0.0,False,2,22
2017-09-28,102,697.832,91,6.841490196078431,2.0192047930283223,0.30403867102396515,23.51078431372549,0.0,False,3,22
2017-09-29,100,731.382,89,7.31382,1.9418833333333334,0.18924722222222223,19.642,0.0,False,4,22
2017-09-30,85,651.638,77,7.666329411764706,1.8863594771241832,0.2657483660130719,21.01529411764706,0.0,False,5,22
2017-10-01,76,463.609,72,6.100118421052631,1.828358918128655,0.39955409356725147,21.28421052631579,0.0,False,6,22
2017-10-02,99,863.316,92,8.720363636363636,2.4637008978675645,0.4384062850729517,19.872727272727275,0.0,False,0,22
2017-10-03,96,819.416,87,8.535583333333333,2.2466493055555556,0.2815740740740741,17.751041666666666,0.0,False,1,22
2017-10-04,102,923.077,93,9.049774509803921,2.363782679738562,0.27618736383442266,19.04019607843137,0.0,False,2,22
2017-10-05,101,659.585,94,6.530544554455446,1.8910203520352034,0.36461496149614964,20.164356435643562,0.0,False,3,22
2017-10-06,86,606.308,81,7.050093023255814,2.021653746770026,0.2725581395348837,22.288372093023256,0.0,False,4,22
2017-10-07,57,389.71,54,6.837017543859648,1.8108528265107213,0.2394493177387914,21.87719298245614,0.0,False,5,22
2017-10-08,68,516.494,66,7.5955,2.230032679738562,0.5967320261437908,20.545588235294115,0.0,False,6,22
2017-10-09,83,544.164,77,6.556192771084337,1.7633232931726905,0.20780120481927708,22.687951807228913,0.0,True,0,22
2017-10-10,106,813.761,96,7.676990566037736,2.142140985324948,0.36030398322851154,20.92452830188679,0.0,False,1,22
2017-10-11,86,726.61,78,8.448953488372092,2.3269250645994832,0.31038436692506455,17.356976744186046,0.0,False,2,22
2017-10-12,97,822.111,87,8.475371134020618,2.333516609392898,0.24541237113402062,17.01443298969072,0.0,False,3,22
2017-10-13,103,887.76,96,8.619029126213592,2.187586299892125,0.2842583603020496,17.23495145631068,0.0,False,4,22
2017-10-14,74,462.091,72,6.244472972972973,2.145078828828829,0.6204692192192193,21.55675675675676,0.0,False,5,22
2017-10-15,70,467.76,63,6.682285714285714,1.9337777777777778,0.42290079365079364,22.587142857142855,0.0,False,6,22
2017-10-16,90,771.616,84,8.573511111111111,2.4370679012345677,0.4227993827160494,22.89111111111111,0.0,False,0,22
2017-10-17,90,787.824,83,8.753599999999999,2.4059814814814815,0.3309567901234568,21.044444444444444,0.0,False,1,22
2017-10-18,84,720.908,78,8.582238095238095,2.432175925925926,0.420244708994709,16.20595238095238,0.0,False,2,22
2017-10-19,101,732.0,85,7.247524752475248,2.21496699669967,0.43172992299229923,17.303960396039603,0.007920792079207921,False,3,22
2017-10-20,77,643.759,70,8.360506493506493,2.283722943722944,0.38686868686868686,14.82987012987013,0.023376623376623377,False,4,22
2017-10-21,74,506.981,68,6.851094594594595,2.1127515015015015,0.4666629129129129,16.074324324324323,0.0,False,5,22
2017-10-22,63,470.745,60,7.472142857142857,2.306274250440917,0.597010582010582,16.901587301587302,0.0,False,6,22
2017-10-23,81,593.351,75,7.325320987654321,2.4314128943758573,0.5467626886145405,23.960493827160494,0.0,False,0,22
2017-10-24,85,631.389,80,7.428105882352941,2.201326797385621,0.3709705882352941,25.437647058823526,0.0,False,1,22
2017-10-25,97,712.914,88,7.349628865979382,2.055701603665521,0.31961912943871706,24.638144329896907,0.0,False,2,22
2017-10-26,84,644.583,81,7.673607142857143,2.4923015873015872,0.5211607142857142,23.823809523809523,0.0,False,3,22
2017-10-27,79,639.657,71,8.096924050632913,2.4682172995780594,0.6604711673699016,20.656962025316457,0.0,False,4,22
2017-10-28,77,511.192,70,6.638857142857143,1.8454978354978353,0.38641774891774894,18.446753246753246,0.0,False,5,22
2017-10-29,65,509.504,62,7.838523076923077,2.1282948717948718,0.4312777777777778,16.066153846153846,0.0,False,6,22
2017-10-30,88,727.78,79,8.270227272727272,2.229229797979798,0.3663983585858586,15.197727272727274,0.0,False,0,22
2017-10-31,77,605.536,72,7.864103896103895,2.150797258297258,0.22834415584415585,16.102597402597404,0.0,False,1,22
2017-11-01,91,800.056,88,8.791824175824177,2.409945054945055,0.3721978021978022,16.01098901098901,0.0,False,2,22
2017-11-02,96,827.508,91,8.619875,2.4547193287037037,0.38007233796296297,16.402083333333334,0.0,False,3,22
2017-11-03,88,778.679,84,8.848625,2.563058712121212,0.5258428030303031,16.678409090909092,0.017045454545454544,False,4,22
2017-11-04,73,569.205,69,7.797328767123288,2.0739307458143075,0.39076103500761034,14.168493150684931,0.16712328767123286,False,5,22
2017-11-05,69,520.597,64,7.544884057971014,2.088478260869565,0.3640700483091788,13.327536231884059,0.0,False,6,22
2017-11-06,80,618.016,72,7.725199999999999,2.261159722222222,0.40360763888888884,14.038749999999999,0.0,False,0,22
2017-11-07,95,858.121,89,9.032852631578947,2.5921988304093566,0.4284093567251462,14.661052631578947,0.0,False,1,22
2017-11-08,99,809.933,92,8.181141414141415,2.420563973063973,0.4169107744107744,15.14949494949495,0.3070707070707071,False,2,22
2017-11-09,97,853.319,87,8.797103092783505,2.528991981672394,0.5308304696449027,16.66082474226804,0.054639175257731966,False,3,22
2017-11-10,92,716.376,82,7.786695652173913,2.3392512077294687,0.5001449275362319,16.0,0.015217391304347827,True,4,22
2017-11-11,75,559.34,72,7.457866666666667,2.0943777777777774,0.34547407407407404,15.338666666666668,0.0,False,5,22
2017-11-12,74,523.73,68,7.077432432432433,2.3729241741741744,0.7533108108108107,15.917567567567568,0.0,False,6,22
2017-11-13,94,679.87,85,7.2326595744680855,2.3322724586288417,0.5215277777777777,16.7531914893617,0.028723404255319152,False,0,22
2017-11-14,98,829.593,94,8.46523469387755,2.4313066893424033,0.42406746031746034,14.739795918367347,0.0,False,1,22
2017-11-15,107,881.0409999999999,99,8.234028037383178,2.233652647975078,0.34654465212876423,16.067289719626167,0.06261682242990654,False,2,22
2017-11-16,95,695.441,90,7.320431578947368,2.306049707602339,0.5015292397660819,14.335789473684212,1.843157894736842,False,3,22
2017-11-17,103,764.118,92,7.418621359223302,2.167181769147789,0.4243338727076591,13.095145631067961,0.0019417475728155341,False,4,22
2017-11-18,60,426.004,54,7.100066666666667,1.8701527777777778,0.24567592592592594,12.161666666666667,0.0,False,5,22
2017-11-19,69,535.913,66,7.766855072463768,2.370132850241546,0.5728703703703704,12.730434782608695,0.0,False,6,22
2017-11-20,87,666.807,83,7.664448275862069,2.4341411238825033,0.6013441890166028,15.681609195402299,0.0,False,0,22
2017-11-21,87,754.155,82,8.668448275862069,2.5631800766283526,0.4019572158365262,15.394252873563218,0.0,False,1,22
2017-11-22,80,605.862,74,7.573275,2.123267361111111,0.38922222222222225,15.85875,0.0,False,2,22
2017-11-23,20,234.022,17,11.7011,2.695027777777778,0.3174861111111111,16.48,0.0,True,3,22
2017-11-24,32,223.78300000000002,31,6.9932187500000005,2.3198003472222224,0.7479600694444444,16.246875,0.0,False,4,22
2017-11-25,59,465.351,56,7.887305084745763,2.223738229755179,0.5516007532956686,19.379661016949154,0.0,False,5,22
2017-11-26,48,416.148,46,8.66975,2.4633854166666667,0.4943634259259259,16.714583333333334,0.17083333333333336,False,6,22
2017-11-27,76,705.204,71,9.279,2.899919590643275,0.5720650584795322,12.088157894736844,0.042105263157894736,False,0,22
2017-11-28,101,901.246,89,8.923227722772276,2.4796534653465345,0.38682343234323435,12.42079207920792,0.0,False,1,22
2017-11-29,98,813.056,94,8.296489795918367,2.4474319727891154,0.4054280045351474,13.026530612244898,0.0,False,2,22
2017-11-30,97,743.617,87,7.666154639175257,2.4267325315005728,0.47002863688430696,12.268041237113403,0.0,False,3,22
2017-12-01,99,812.507,91,8.207141414141413,2.449419191919192,0.5153843995510663,12.166666666666666,0.0,False,4,22
2017-12-02,77,538.729,69,6.99648051948052,1.8819588744588744,0.3563780663780664,12.168831168831169,0.0,False,5,22
2017-12-03,73,588.992,71,8.068383561643834,2.225646879756469,0.37194444444444447,11.975342465753423,0.0,False,6,22
2017-12-04,93,828.187,89,8.905236559139786,2.6423237753882916,0.5281929510155317,11.405376344086022,0.0,False,0,22
2017-12-05,89,909.31,87,10.216966292134831,2.8393508114856427,0.438667290886392,12.08876404494382,0.0,False,1,22
2017-12-06,103,822.064,97,7.981203883495145,2.468950916936354,0.4740830636461704,11.649514563106797,0.0,False,2,22
2017-12-07,105,800.108,93,7.62007619047619,2.2636587301587303,0.35117724867724864,12.285714285714286,0.0,False,3,22
2017-12-08,99,777.592,88,7.854464646464646,2.2589197530864196,0.3328675645342312,12.90808080808081,0.0,False,4,22
2017-12-09,73,644.66,66,8.830958904109588,2.654337899543379,0.7497526636225267,12.831506849315069,0.0,False,5,22
2017-12-10,64,546.478,61,8.53871875,2.7153819444444443,0.6863064236111112,12.675,0.0,False,6,22
2017-12-11,93,720.482,82,7.747118279569892,2.1952449223416965,0.3523626045400239,12.235483870967743,0.0,False,0,22
2017-12-12,94,732.348,90,7.790936170212765,2.4846956264775413,0.4606855791962175,12.178723404255319,0.0,False,1,22
2017-12-13,89,758.47,86,8.522134831460674,2.4718476903870163,0.3406585518102372,10.788764044943822,0.0,False,2,22
2017-12-14,107,965.72,97,9.025420560747664,2.3091043613707165,0.2598052959501558,13.286915887850467,0.0,False,3,22
2017-12-15,99,801.513,92,8.09609090909091,2.1574270482603817,0.23909932659932662,10.75050505050505,0.0,False,4,22
2017-12-16,68,513.653,65,7.5537205882352945,1.748999183006536,0.15783088235294118,13.657352941176471,0.0,False,5,22
2017-12-17,64,391.511,62,6.117359375,1.5320182291666666,0.1730251736111111,12.75625,0.0,False,6,22
2017-12-18,90,755.917,84,8.399077777777778,2.5731296296296295,0.47421296296296295,11.742222222222221,0.0,False,0,22
2017-12-19,96,848.213,93,8.835552083333333,2.458587962962963,0.3296354166666667,12.11875,0.0,False,1,22
2017-12-20,96,814.546,91,8.484854166666667,2.5381221064814814,0.370318287037037,10.401041666666666,0.049999999999999996,False,2,22
2017-12-21,101,805.393,91,7.974188118811881,2.2772909790979097,0.31496424642464244,9.33069306930693,0.0,False,3,22
2017-12-22,82,692.746,74,8.448121951219512,2.40730352303523,0.41339430894308943,8.453658536585367,0.0,False,4,22
2017-12-23,57,469.954,55,8.24480701754386,2.3976315789473683,0.6655116959064327,9.822807017543859,0.0,False,5,22
2017-12-24,34,242.799,32,7.141147058823529,2.0399264705882354,0.24760620915032683,10.097058823529412,0.0,False,6,22
2017-12-25,21,218.797,20,10.418904761904761,2.916931216931217,0.6585978835978836,13.138095238095238,0.0,True,0,22
2017-12-26,50,391.678,45,7.83356,2.2032777777777777,0.3813111111111111,11.015999999999998,0.0,False,1,22
2017-12-27,63,552.211,55,8.765253968253969,2.444281305114638,0.24399029982363316,10.449206349206348,0.0,False,2,22
2017-12-28,66,575.099,62,8.713621212121213,2.5772053872053875,0.5680176767676767,10.466666666666667,0.0,False,3,22
2017-12-29,62,495.718,58,7.995451612903226,2.4049417562724016,0.502652329749104,10.783870967741937,0.0,False,4,22
2017-12-30,48,526.118,44,10.960791666666667,2.869855324074074,0.6791956018518519,11.5,0.0,False,5,22
2017-12-31,35,312.827,34,8.937914285714285,2.2147619047619047,0.28314285714285714,11.768571428571429,0.011428571428571429,False,6,22
